1961-01,7.15,7.25,7.33,7.33,7.32,7.28,7.27,7.32,7.33,7.31,7.07,7.33,7.33,7.33
1961-02,8.73,8.84,8.92,8.91,8.9,8.86,8.85,8.9,8.91,8.89,8.65,8.92,8.92,8.91
1961-03,9.17,9.38,9.56,9.56,9.54,9.47,9.4,9.51,9.54,9.51,8.97,9.53,9.53,9.53
1961-04,9.62,9.83,10,10.01,10,9.94,9.87,9.98,10.02,10,9.48,10.01,10.02,10.03
1961-05,9.79,9.97,10.13,10.14,10.12,10.07,9.99,10.09,10.12,10.1,9.63,10.11,10.11,10.12
1961-06,10.86,11.35,11.76,11.79,11.77,11.64,11.42,11.69,11.79,11.74,10.52,11.73,11.78,11.79
1961-07,12.13,12.38,12.61,12.63,12.62,12.55,12.43,12.58,12.63,12.61,11.95,12.6,12.63,12.64
1961-08,12.76,12.94,13.1,13.1,13.09,13.04,12.98,13.08,13.11,13.09,12.64,13.1,13.12,13.12
1961-09,11.92,12.37,12.76,12.79,12.78,12.66,12.45,12.71,12.81,12.76,11.62,12.75,12.8,12.82
1961-10,10.08,10.3,10.5,10.52,10.52,10.47,10.35,10.48,10.53,10.52,9.95,10.5,10.52,10.54
1961-11,8.03,8.26,8.45,8.47,8.46,8.4,8.29,8.42,8.47,8.44,7.87,8.44,8.46,8.47
1961-12,6.83,6.92,7,7.01,7.01,6.99,6.94,6.99,7.01,7.01,6.77,7,7,7.01
1962-01,7.59,7.6,7.59,7.58,7.57,7.55,7.59,7.59,7.58,7.57,7.57,7.6,7.59,7.58
1962-02,7.27,7.47,7.64,7.65,7.63,7.56,7.49,7.6,7.63,7.6,7.09,7.62,7.62,7.62
1962-03,5.77,5.94,6.09,6.11,6.1,6.06,5.97,6.07,6.1,6.09,5.64,6.08,6.09,6.1
1962-04,7.77,7.98,8.17,8.17,8.16,8.09,8.01,8.13,8.17,8.14,7.6,8.15,8.16,8.17
1962-05,9.29,9.41,9.51,9.52,9.51,9.47,9.43,9.49,9.51,9.5,9.2,9.51,9.51,9.51
1962-06,10.59,10.93,11.21,11.21,11.19,11.08,10.97,11.15,11.21,11.16,10.32,11.18,11.2,11.19
1962-07,12.06,12.3,12.51,12.52,12.5,12.43,12.34,12.48,12.52,12.49,11.88,12.5,12.51,12.51
1962-08,11.96,12.28,12.55,12.57,12.56,12.46,12.33,12.51,12.58,12.54,11.73,12.54,12.57,12.58
1962-09,10.93,11.35,11.71,11.73,11.72,11.6,11.42,11.66,11.74,11.7,10.65,11.69,11.73,11.74
1962-10,10.59,10.83,11.04,11.05,11.03,10.96,10.86,10.99,11.04,11,10.38,11.01,11.02,11.03
1962-11,8.41,8.55,8.67,8.68,8.68,8.65,8.56,8.65,8.67,8.66,8.3,8.65,8.66,8.67
1962-12,7.62,7.61,7.59,7.58,7.57,7.57,7.59,7.58,7.56,7.56,7.6,7.58,7.56,7.56
1963-01,4.94,5.03,5.12,5.13,5.13,5.11,5.04,5.1,5.12,5.12,4.86,5.1,5.11,5.12
1963-02,5.16,5.25,5.34,5.36,5.35,5.33,5.27,5.33,5.35,5.35,5.09,5.34,5.35,5.36
1963-03,8,8.03,8.06,8.05,8.04,8.01,8.03,8.05,8.04,8.03,7.95,8.05,8.05,8.04
1963-04,8.71,8.73,8.75,8.75,8.74,8.73,8.74,8.75,8.75,8.74,8.69,8.76,8.75,8.75
1963-05,8.91,9.22,9.48,9.5,9.48,9.4,9.26,9.44,9.49,9.46,8.69,9.46,9.48,9.49
1963-06,12.03,12.28,12.5,12.5,12.49,12.41,12.32,12.46,12.5,12.47,11.84,12.48,12.49,12.49
1963-07,12.21,12.56,12.87,12.89,12.88,12.78,12.62,12.83,12.9,12.86,11.97,12.86,12.89,12.9
1963-08,12.1,12.48,12.81,12.84,12.84,12.75,12.55,12.77,12.85,12.82,11.85,12.8,12.84,12.86
1963-09,11.49,11.63,11.76,11.77,11.77,11.74,11.66,11.75,11.78,11.77,11.4,11.76,11.78,11.79
1963-10,10.95,11.24,11.49,11.5,11.48,11.39,11.29,11.45,11.5,11.46,10.73,11.48,11.49,11.5
1963-11,8.58,8.9,9.19,9.21,9.2,9.12,8.97,9.16,9.22,9.19,8.36,9.19,9.22,9.23
1963-12,6.62,6.77,6.91,6.91,6.9,6.85,6.79,6.88,6.9,6.88,6.49,6.89,6.9,6.9
1964-01,7.81,8.03,8.2,8.2,8.17,8.08,8.03,8.15,8.17,8.13,7.6,8.16,8.16,8.15
1964-02,7.14,7.21,7.26,7.25,7.24,7.22,7.21,7.24,7.25,7.23,7.08,7.25,7.25,7.24
1964-03,7.29,7.37,7.43,7.43,7.42,7.4,7.38,7.42,7.43,7.42,7.23,7.42,7.42,7.42
1964-04,8.54,8.75,8.93,8.93,8.92,8.86,8.77,8.89,8.93,8.9,8.37,8.91,8.92,8.92
1964-05,10.79,10.97,11.12,11.12,11.11,11.05,10.99,11.09,11.12,11.09,10.64,11.11,11.11,11.11
1964-06,11.12,11.44,11.72,11.73,11.72,11.63,11.5,11.68,11.74,11.71,10.9,11.71,11.74,11.74
1964-07,12.84,13.09,13.3,13.31,13.29,13.22,13.13,13.27,13.32,13.29,12.67,13.3,13.32,13.32
1964-08,11.94,12.74,13.43,13.47,13.45,13.23,12.86,13.32,13.48,13.4,11.37,13.38,13.45,13.47
1964-09,11.4,12.16,12.81,12.84,12.81,12.59,12.27,12.7,12.84,12.75,10.83,12.76,12.81,12.83
1964-10,9.85,10.14,10.4,10.42,10.4,10.32,10.19,10.36,10.41,10.38,9.63,10.38,10.4,10.41
1964-11,9.08,9.22,9.33,9.33,9.32,9.27,9.24,9.31,9.33,9.31,8.97,9.33,9.33,9.33
1964-12,7.17,7.36,7.51,7.52,7.5,7.45,7.38,7.49,7.51,7.49,7.03,7.5,7.51,7.51
1965-01,6.64,6.76,6.87,6.87,6.86,6.82,6.78,6.85,6.87,6.85,6.55,6.87,6.87,6.87
1965-02,6.59,6.62,6.65,6.66,6.66,6.65,6.62,6.64,6.65,6.65,6.55,6.64,6.64,6.64
1965-03,7.1,7.31,7.5,7.5,7.49,7.42,7.34,7.46,7.5,7.47,6.93,7.48,7.49,7.49
1965-04,8.22,8.37,8.5,8.5,8.5,8.46,8.39,8.48,8.5,8.49,8.12,8.49,8.5,8.5
1965-05,9.52,9.99,10.39,10.41,10.39,10.25,10.05,10.31,10.4,10.34,9.16,10.35,10.38,10.39
1965-06,11.65,12.14,12.57,12.58,12.56,12.42,12.21,12.48,12.58,12.52,11.27,12.52,12.56,12.57
1965-07,11.27,11.74,12.15,12.17,12.16,12.02,11.82,12.09,12.18,12.13,10.94,12.13,12.17,12.18
1965-08,12.07,12.44,12.76,12.78,12.76,12.66,12.51,12.72,12.79,12.75,11.82,12.75,12.79,12.79
1965-09,10.63,11.13,11.57,11.59,11.58,11.44,11.21,11.49,11.6,11.54,10.25,11.53,11.58,11.59
1965-10,10.61,11.01,11.36,11.39,11.38,11.27,11.07,11.31,11.39,11.35,10.32,11.34,11.38,11.39
1965-11,7.07,7.25,7.42,7.43,7.43,7.38,7.28,7.4,7.44,7.42,6.93,7.41,7.43,7.44
1965-12,7.7,7.79,7.86,7.85,7.84,7.8,7.81,7.85,7.86,7.84,7.64,7.87,7.87,7.86
1966-01,7.11,7.24,7.34,7.35,7.34,7.3,7.25,7.33,7.35,7.33,7.02,7.34,7.34,7.35
1966-02,7.72,7.79,7.86,7.87,7.87,7.84,7.82,7.87,7.88,7.88,7.68,7.89,7.89,7.89
1966-03,8.09,8.32,8.51,8.51,8.49,8.41,8.34,8.47,8.5,8.46,7.9,8.49,8.49,8.49
1966-04,7.84,7.93,8.01,8.01,8,7.97,7.96,8.01,8.02,8.01,7.79,8.03,8.03,8.03
1966-05,9.08,9.42,9.71,9.72,9.71,9.62,9.47,9.66,9.73,9.69,8.84,9.69,9.71,9.72
1966-06,12.81,13.17,13.47,13.48,13.46,13.34,13.22,13.41,13.48,13.43,12.53,13.45,13.47,13.46
1966-07,12.12,12.44,12.71,12.73,12.72,12.64,12.49,12.67,12.73,12.7,11.9,12.7,12.73,12.73
1966-08,11.82,12.29,12.69,12.72,12.71,12.58,12.37,12.64,12.73,12.69,11.5,12.68,12.72,12.74
1966-09,12.24,12.7,13.1,13.12,13.09,12.96,12.77,13.03,13.12,13.06,11.9,13.07,13.1,13.11
1966-10,9.2,9.48,9.73,9.76,9.77,9.72,9.54,9.71,9.78,9.77,9.06,9.73,9.78,9.8
1966-11,7.09,7.32,7.52,7.53,7.53,7.47,7.36,7.49,7.54,7.52,6.93,7.51,7.53,7.54
1966-12,8.38,8.42,8.45,8.44,8.43,8.4,8.43,8.45,8.45,8.43,8.35,8.47,8.46,8.45
1967-01,8.08,8.12,8.15,8.15,8.13,8.11,8.12,8.14,8.14,8.13,8.04,8.15,8.14,8.14
1967-02,7.44,7.6,7.73,7.73,7.73,7.68,7.62,7.71,7.73,7.71,7.33,7.72,7.73,7.73
1967-03,7.3,7.67,7.99,8.01,7.99,7.88,7.72,7.93,8,7.95,7.01,7.96,7.98,7.99
1967-04,8.34,8.5,8.65,8.65,8.64,8.59,8.53,8.62,8.65,8.63,8.21,8.64,8.64,8.64
1967-05,9,9.17,9.3,9.31,9.3,9.25,9.19,9.28,9.32,9.3,8.89,9.3,9.32,9.32
1967-06,12,12.22,12.42,12.43,12.41,12.34,12.26,12.39,12.43,12.4,11.84,12.41,12.42,12.43
1967-07,13.27,13.47,13.64,13.67,13.68,13.64,13.52,13.64,13.69,13.69,13.19,13.66,13.69,13.71
1967-08,12.6,13.09,13.51,13.54,13.53,13.41,13.17,13.45,13.55,13.51,12.27,13.49,13.54,13.55
1967-09,12.17,12.39,12.58,12.59,12.59,12.54,12.43,12.55,12.6,12.58,12.03,12.57,12.59,12.6
1967-10,10.12,10.22,10.3,10.3,10.3,10.26,10.25,10.3,10.32,10.3,10.08,10.32,10.33,10.32
1967-11,8.16,8.32,8.46,8.47,8.46,8.42,8.34,8.43,8.46,8.44,8.04,8.44,8.45,8.45
1967-12,8.44,8.33,8.23,8.22,8.21,8.23,8.31,8.25,8.22,8.22,8.51,8.25,8.23,8.22
1968-01,7.94,8.14,8.31,8.32,8.29,8.22,8.16,8.27,8.3,8.27,7.75,8.29,8.3,8.29
1968-02,5.8,6.02,6.2,6.21,6.21,6.15,6.04,6.16,6.21,6.19,5.63,6.17,6.19,6.21
1968-03,7.64,7.87,8.06,8.06,8.04,7.96,7.89,8.01,8.05,8.01,7.44,8.03,8.04,8.03
1968-04,7.8,8.1,8.35,8.37,8.36,8.28,8.13,8.3,8.36,8.33,7.57,8.32,8.34,8.35
1968-05,8.68,9.01,9.3,9.31,9.3,9.21,9.07,9.25,9.32,9.29,8.45,9.28,9.31,9.32
1968-06,11.78,12.16,12.5,12.53,12.52,12.43,12.23,12.45,12.53,12.51,11.52,12.49,12.52,12.54
1968-07,12.13,12.56,12.92,12.94,12.92,12.8,12.62,12.86,12.94,12.9,11.83,12.9,12.93,12.94
1968-08,12.82,13.31,13.74,13.78,13.78,13.68,13.4,13.69,13.8,13.77,12.5,13.73,13.79,13.82
1968-09,11.86,12.35,12.78,12.81,12.81,12.69,12.44,12.72,12.83,12.79,11.53,12.76,12.81,12.84
1968-10,12.18,12.58,12.91,12.93,12.9,12.78,12.64,12.86,12.93,12.88,11.89,12.91,12.93,12.93
1968-11,8.04,8.33,8.58,8.6,8.6,8.53,8.39,8.56,8.62,8.6,7.86,8.58,8.61,8.63
1968-12,7.34,7.53,7.7,7.7,7.68,7.62,7.56,7.66,7.69,7.67,7.19,7.68,7.69,7.69
1969-01,7.87,8.08,8.25,8.25,8.24,8.17,8.11,8.22,8.26,8.23,7.71,8.24,8.26,8.25
1969-02,5.64,5.81,5.95,5.96,5.95,5.91,5.83,5.93,5.96,5.94,5.52,5.94,5.95,5.95
1969-03,6.3,6.42,6.52,6.53,6.52,6.49,6.43,6.51,6.53,6.52,6.21,6.51,6.52,6.53
1969-04,7.68,7.78,7.88,7.88,7.87,7.84,7.8,7.86,7.88,7.87,7.59,7.87,7.88,7.88
1969-05,9.82,9.99,10.14,10.15,10.15,10.12,10.03,10.13,10.16,10.15,9.73,10.14,10.16,10.17
1969-06,10.97,11.32,11.63,11.65,11.64,11.54,11.37,11.58,11.65,11.61,10.7,11.61,11.63,11.64
1969-07,13.03,13.35,13.64,13.67,13.67,13.59,13.41,13.6,13.68,13.65,12.81,13.63,13.66,13.68
1969-08,13.49,13.84,14.15,14.18,14.18,14.09,13.9,14.11,14.19,14.16,13.26,14.14,14.18,14.2
1969-09,12.4,12.61,12.8,12.81,12.8,12.74,12.65,12.78,12.82,12.8,12.25,12.8,12.82,12.83
1969-10,12.34,12.69,12.97,12.98,12.95,12.84,12.73,12.91,12.97,12.92,12.07,12.95,12.96,12.96
1969-11,7.38,7.6,7.78,7.78,7.77,7.7,7.63,7.75,7.78,7.75,7.21,7.77,7.78,7.78
1969-12,7.37,7.57,7.74,7.74,7.71,7.64,7.59,7.7,7.73,7.69,7.2,7.72,7.72,7.71
1970-01,7.55,7.76,7.93,7.93,7.91,7.84,7.78,7.89,7.92,7.89,7.39,7.92,7.92,7.92
1970-02,6.25,6.39,6.51,6.51,6.5,6.45,6.41,6.49,6.51,6.49,6.14,6.5,6.51,6.51
1970-03,6.75,6.94,7.11,7.12,7.1,7.05,6.96,7.08,7.11,7.09,6.59,7.09,7.1,7.1
1970-04,7.72,7.9,8.04,8.05,8.04,7.99,7.92,8.02,8.05,8.03,7.59,8.03,8.04,8.04
1970-05,10.85,11.07,11.26,11.26,11.24,11.17,11.1,11.22,11.25,11.22,10.67,11.24,11.24,11.24
1970-06,12.57,12.97,13.32,13.33,13.3,13.17,13.03,13.25,13.32,13.26,12.25,13.28,13.31,13.3
1970-07,12.27,12.54,12.77,12.78,12.77,12.7,12.6,12.75,12.8,12.77,12.1,12.78,12.8,12.8
1970-08,13.87,14.07,14.24,14.25,14.24,14.18,14.1,14.21,14.25,14.22,13.73,14.23,14.24,14.24
1970-09,12.37,12.78,13.14,13.15,13.13,13,12.84,13.08,13.15,13.1,12.05,13.12,13.14,13.14
1970-10,10.6,10.95,11.25,11.26,11.24,11.12,11,11.19,11.25,11.2,10.32,11.23,11.24,11.24
1970-11,8.43,8.78,9.08,9.09,9.07,8.95,8.84,9.03,9.09,9.04,8.17,9.07,9.09,9.09
1970-12,7.04,7.35,7.61,7.61,7.59,7.49,7.39,7.56,7.61,7.56,6.79,7.58,7.6,7.59
1971-01,7.55,7.89,8.17,8.17,8.15,8.04,7.93,8.11,8.17,8.11,7.27,8.14,8.16,8.15
1971-02,7.59,7.86,8.09,8.09,8.06,7.96,7.88,8.03,8.07,8.02,7.33,8.05,8.06,8.05
1971-03,7.19,7.5,7.76,7.77,7.75,7.64,7.53,7.7,7.75,7.71,6.93,7.72,7.74,7.73
1971-04,7.83,8.07,8.28,8.29,8.27,8.19,8.1,8.23,8.28,8.24,7.62,8.25,8.26,8.26
1971-05,9.21,9.48,9.72,9.73,9.72,9.65,9.52,9.67,9.73,9.7,8.99,9.69,9.71,9.72
1971-06,10.09,10.47,10.79,10.81,10.8,10.69,10.52,10.74,10.81,10.77,9.82,10.77,10.8,10.81
1971-07,12.92,13.4,13.82,13.85,13.84,13.71,13.48,13.76,13.86,13.81,12.59,13.8,13.85,13.86
1971-08,12.72,13.18,13.59,13.62,13.62,13.51,13.26,13.54,13.64,13.6,12.4,13.58,13.63,13.65
1971-09,12.84,13.12,13.37,13.39,13.37,13.3,13.17,13.33,13.39,13.36,12.63,13.36,13.38,13.39
1971-10,10.69,11.37,11.95,11.98,11.96,11.77,11.46,11.85,11.98,11.91,10.19,11.9,11.95,11.97
1971-11,8.43,8.7,8.94,8.96,8.94,8.87,8.73,8.89,8.94,8.92,8.2,8.91,8.93,8.94
1971-12,8.9,9.05,9.17,9.16,9.14,9.08,9.05,9.13,9.15,9.11,8.74,9.15,9.14,9.13
1972-01,6.93,7.23,7.49,7.5,7.49,7.39,7.27,7.44,7.5,7.46,6.69,7.47,7.49,7.49
1972-02,7.09,7.27,7.43,7.44,7.43,7.37,7.3,7.41,7.44,7.42,6.94,7.42,7.44,7.44
1972-03,7.82,7.88,7.92,7.92,7.92,7.9,7.88,7.92,7.92,7.91,7.77,7.92,7.92,7.92
1972-04,8.35,8.53,8.68,8.68,8.67,8.61,8.54,8.64,8.67,8.64,8.19,8.65,8.66,8.66
1972-05,8.96,9.24,9.48,9.49,9.49,9.41,9.27,9.43,9.49,9.46,8.75,9.45,9.48,9.49
1972-06,9.53,9.83,10.09,10.1,10.1,10.02,9.88,10.05,10.11,10.09,9.34,10.07,10.1,10.12
1972-07,12.76,13.09,13.37,13.39,13.38,13.29,13.15,13.34,13.4,13.37,12.56,13.37,13.4,13.41
1972-08,11.73,12.14,12.49,12.51,12.51,12.4,12.21,12.44,12.53,12.49,11.46,12.48,12.51,12.53
1972-09,10.19,10.52,10.82,10.84,10.82,10.73,10.57,10.76,10.83,10.8,9.93,10.78,10.81,10.82
1972-10,10.35,10.55,10.72,10.73,10.71,10.65,10.57,10.68,10.72,10.69,10.17,10.7,10.71,10.71
1972-11,8.11,8.25,8.37,8.38,8.37,8.33,8.28,8.36,8.38,8.37,8.02,8.37,8.38,8.39
1972-12,8.17,8.34,8.49,8.49,8.48,8.42,8.36,8.46,8.49,8.47,8.03,8.48,8.49,8.49
1973-01,8.02,8.19,8.34,8.35,8.34,8.29,8.21,8.31,8.34,8.32,7.88,8.32,8.33,8.34
1973-02,7.35,7.52,7.66,7.66,7.64,7.58,7.53,7.62,7.65,7.62,7.2,7.64,7.64,7.63
1973-03,7.25,7.42,7.55,7.56,7.55,7.5,7.43,7.52,7.55,7.53,7.11,7.53,7.54,7.54
1973-04,7.38,7.56,7.71,7.72,7.71,7.65,7.58,7.68,7.71,7.69,7.23,7.69,7.7,7.71
1973-05,9.46,9.73,9.97,9.99,9.99,9.92,9.78,9.94,10,9.98,9.28,9.96,9.99,10
1973-06,11.32,11.53,11.72,11.72,11.72,11.65,11.58,11.69,11.74,11.71,11.18,11.72,11.74,11.74
1973-07,12.87,13.21,13.5,13.52,13.51,13.42,13.26,13.45,13.52,13.49,12.63,13.48,13.51,13.52
1973-08,13.06,13.38,13.65,13.67,13.66,13.58,13.44,13.62,13.68,13.65,12.84,13.65,13.68,13.69
1973-09,11.77,12.1,12.4,12.42,12.42,12.33,12.17,12.37,12.44,12.41,11.55,12.4,12.43,12.45
1973-10,9.54,9.82,10.07,10.08,10.07,10,9.87,10.03,10.08,10.06,9.34,10.05,10.08,10.09
1973-11,8.2,8.44,8.64,8.65,8.62,8.54,8.48,8.61,8.64,8.6,8.01,8.63,8.64,8.63
1973-12,7.95,8.09,8.2,8.19,8.18,8.13,8.1,8.17,8.19,8.16,7.83,8.19,8.19,8.18
1974-01,7.75,8.04,8.29,8.29,8.27,8.18,8.08,8.24,8.28,8.24,7.52,8.26,8.27,8.27
1974-02,7.69,7.88,8.03,8.03,8.02,7.95,7.9,8,8.03,8,7.53,8.01,8.02,8.02
1974-03,6.96,7.16,7.32,7.33,7.32,7.26,7.18,7.29,7.32,7.3,6.81,7.3,7.31,7.32
1974-04,7.57,7.81,8.03,8.04,8.03,7.97,7.84,7.98,8.03,8.01,7.38,7.99,8.01,8.02
1974-05,8.83,9.2,9.51,9.52,9.51,9.4,9.25,9.45,9.52,9.47,8.56,9.47,9.5,9.51
1974-06,10.4,10.74,11.04,11.05,11.03,10.93,10.8,10.99,11.05,11.01,10.16,11.01,11.04,11.04
1974-07,11.99,12.37,12.69,12.71,12.69,12.58,12.43,12.64,12.72,12.67,11.72,12.68,12.71,12.71
1974-08,12.23,12.5,12.73,12.75,12.75,12.68,12.54,12.69,12.75,12.73,12.04,12.71,12.74,12.76
1974-09,10.16,10.56,10.9,10.92,10.92,10.81,10.62,10.85,10.93,10.89,9.88,10.88,10.92,10.93
1974-10,8.32,8.63,8.9,8.92,8.9,8.82,8.67,8.85,8.91,8.88,8.09,8.88,8.9,8.91
1974-11,7.7,8.01,8.28,8.29,8.28,8.18,8.06,8.23,8.29,8.25,7.46,8.26,8.29,8.29
1974-12,9,9.23,9.42,9.42,9.39,9.31,9.26,9.38,9.41,9.37,8.81,9.41,9.41,9.4
1975-01,7.99,8.26,8.49,8.49,8.47,8.39,8.3,8.45,8.5,8.46,7.79,8.48,8.49,8.49
1975-02,7.35,7.7,8,8.01,7.99,7.89,7.75,7.94,8.01,7.96,7.07,7.97,7.99,8
1975-03,6.34,6.48,6.61,6.61,6.61,6.57,6.51,6.59,6.62,6.6,6.24,6.6,6.61,6.62
1975-04,8.68,8.85,8.98,8.98,8.96,8.9,8.86,8.95,8.97,8.94,8.54,8.97,8.97,8.96
1975-05,7.82,8.03,8.2,8.2,8.19,8.12,8.05,8.16,8.2,8.17,7.67,8.18,8.2,8.19
1975-06,11,11.23,11.41,11.4,11.37,11.27,11.25,11.36,11.39,11.34,10.79,11.39,11.39,11.37
1975-07,13.49,13.75,13.97,13.97,13.96,13.87,13.79,13.93,13.98,13.94,13.3,13.96,13.98,13.97
1975-08,14.66,14.77,14.86,14.85,14.84,14.79,14.8,14.85,14.86,14.83,14.59,14.87,14.87,14.85
1975-09,11.04,11.26,11.45,11.46,11.45,11.39,11.3,11.42,11.46,11.44,10.89,11.44,11.46,11.46
1975-10,10.47,10.7,10.9,10.9,10.88,10.81,10.72,10.85,10.89,10.86,10.27,10.87,10.88,10.88
1975-11,8.6,8.78,8.93,8.94,8.92,8.87,8.8,8.9,8.93,8.91,8.45,8.92,8.92,8.93
1975-12,8.65,8.72,8.78,8.77,8.75,8.72,8.72,8.76,8.76,8.74,8.56,8.76,8.76,8.75
1976-01,8.28,8.4,8.49,8.48,8.46,8.41,8.4,8.46,8.47,8.44,8.16,8.48,8.47,8.46
1976-02,7.49,7.75,7.96,7.96,7.94,7.86,7.77,7.91,7.95,7.92,7.28,7.94,7.95,7.94
1976-03,7.36,7.58,7.76,7.76,7.74,7.67,7.59,7.72,7.74,7.71,7.17,7.73,7.73,7.73
1976-04,8.2,8.51,8.78,8.78,8.76,8.65,8.54,8.71,8.76,8.71,7.92,8.73,8.74,8.74
1976-05,10.44,10.57,10.68,10.68,10.67,10.63,10.59,10.66,10.68,10.67,10.35,10.68,10.68,10.68
1976-06,13.27,13.59,13.85,13.86,13.83,13.73,13.63,13.8,13.86,13.81,13.03,13.84,13.85,13.85
1976-07,13.66,14.05,14.38,14.39,14.36,14.24,14.09,14.31,14.37,14.32,13.34,14.34,14.36,14.36
1976-08,11.81,12.28,12.7,12.73,12.72,12.6,12.35,12.63,12.73,12.69,11.48,12.66,12.71,12.73
1976-09,10.82,11.33,11.78,11.8,11.79,11.65,11.41,11.7,11.81,11.75,10.45,11.75,11.79,11.8
1976-10,9.17,9.61,9.99,10.01,10.01,9.89,9.68,9.93,10.03,9.98,8.87,9.97,10.01,10.03
1976-11,7.93,8.17,8.37,8.37,8.35,8.27,8.2,8.33,8.37,8.33,7.74,8.35,8.36,8.36
1976-12,6.3,6.52,6.7,6.71,6.69,6.62,6.55,6.67,6.7,6.67,6.12,6.69,6.7,6.69
1977-01,6.39,6.63,6.84,6.84,6.82,6.74,6.66,6.8,6.84,6.8,6.2,6.82,6.83,6.83
1977-02,6.85,7.15,7.4,7.4,7.39,7.29,7.2,7.36,7.42,7.37,6.64,7.4,7.42,7.41
1977-03,7.59,7.89,8.15,8.16,8.14,8.04,7.93,8.1,8.15,8.11,7.35,8.13,8.15,8.14
1977-04,7.58,7.87,8.1,8.11,8.09,7.99,7.9,8.05,8.1,8.05,7.34,8.08,8.09,8.08
1977-05,7.83,8.3,8.71,8.72,8.7,8.55,8.36,8.62,8.71,8.64,7.44,8.65,8.68,8.68
1977-06,9.74,10.21,10.61,10.63,10.61,10.47,10.27,10.53,10.62,10.57,9.39,10.56,10.6,10.61
1977-07,13.17,13.6,13.97,13.98,13.96,13.82,13.65,13.9,13.97,13.92,12.82,13.93,13.96,13.96
1977-08,11.87,12.41,12.88,12.9,12.89,12.74,12.5,12.8,12.91,12.85,11.48,12.85,12.9,12.91
1977-09,11.35,11.66,11.92,11.93,11.92,11.83,11.71,11.88,11.94,11.9,11.14,11.92,11.94,11.94
1977-10,11.06,11.48,11.84,11.85,11.82,11.69,11.54,11.77,11.85,11.79,10.73,11.81,11.84,11.84
1977-11,7.17,7.4,7.6,7.61,7.6,7.53,7.44,7.57,7.61,7.59,7.01,7.59,7.61,7.61
1977-12,8,8.36,8.67,8.68,8.66,8.55,8.41,8.61,8.68,8.63,7.72,8.65,8.67,8.67
1978-01,6.64,6.82,6.97,6.97,6.95,6.89,6.84,6.94,6.96,6.93,6.49,6.96,6.96,6.95
1978-02,6.68,6.79,6.87,6.88,6.87,6.83,6.8,6.86,6.88,6.86,6.6,6.88,6.88,6.88
1978-03,7.55,7.81,8.02,8.02,8,7.91,7.83,7.97,8.01,7.97,7.34,7.99,8,7.99
1978-04,7.12,7.4,7.64,7.64,7.62,7.53,7.43,7.58,7.63,7.59,6.88,7.6,7.62,7.61
1978-05,9.66,10.19,10.65,10.67,10.64,10.49,10.26,10.55,10.65,10.59,9.24,10.59,10.63,10.63
1978-06,10.56,10.96,11.31,11.32,11.31,11.19,11.02,11.24,11.32,11.26,10.26,11.26,11.29,11.3
1978-07,11.87,12.37,12.8,12.82,12.8,12.66,12.44,12.72,12.82,12.77,11.5,12.76,12.8,12.81
1978-08,13.01,13.52,13.95,13.96,13.93,13.78,13.58,13.86,13.96,13.89,12.62,13.91,13.94,13.94
1978-09,12.94,13.24,13.49,13.49,13.46,13.35,13.27,13.43,13.48,13.42,12.68,13.46,13.47,13.46
1978-10,11.66,12.02,12.32,12.32,12.29,12.16,12.07,12.26,12.32,12.26,11.37,12.3,12.31,12.3
1978-11,9.69,10.01,10.28,10.28,10.26,10.15,10.06,10.23,10.28,10.23,9.45,10.26,10.28,10.27
1978-12,7.08,7.43,7.74,7.76,7.74,7.64,7.49,7.69,7.76,7.72,6.82,7.73,7.75,7.76
1979-01,5.85,6.04,6.2,6.2,6.19,6.12,6.06,6.17,6.2,6.17,5.69,6.19,6.19,6.19
1979-02,5.83,6.03,6.2,6.21,6.19,6.14,6.06,6.17,6.21,6.19,5.69,6.19,6.2,6.21
1979-03,6.47,6.63,6.78,6.79,6.78,6.73,6.66,6.76,6.79,6.77,6.35,6.78,6.79,6.79
1979-04,7.64,7.97,8.25,8.27,8.25,8.15,8.02,8.2,8.27,8.23,7.39,8.23,8.26,8.26
1979-05,8.46,8.84,9.18,9.21,9.2,9.1,8.91,9.13,9.22,9.18,8.19,9.16,9.2,9.22
1979-06,11.53,11.87,12.17,12.19,12.18,12.09,11.93,12.13,12.2,12.17,11.29,12.15,12.19,12.2
1979-07,13.13,13.55,13.91,13.93,13.91,13.79,13.61,13.86,13.93,13.89,12.81,13.89,13.92,13.93
1979-08,12.57,12.96,13.3,13.32,13.31,13.21,13.03,13.25,13.33,13.29,12.29,13.29,13.32,13.34
1979-09,12.03,12.35,12.62,12.64,12.62,12.52,12.4,12.58,12.64,12.6,11.79,12.61,12.63,12.63
1979-10,11.07,11.45,11.79,11.8,11.78,11.67,11.51,11.73,11.81,11.76,10.78,11.77,11.8,11.8
1979-11,8.62,8.99,9.31,9.32,9.3,9.18,9.05,9.26,9.32,9.27,8.34,9.29,9.31,9.31
1979-12,7.44,7.72,7.96,7.97,7.95,7.87,7.77,7.92,7.97,7.94,7.23,7.95,7.97,7.97
1980-01,6.55,6.8,7.01,7.02,7,6.92,6.83,6.97,7.01,6.98,6.34,6.99,7,7
1980-02,7.97,8.27,8.53,8.53,8.51,8.41,8.32,8.48,8.53,8.49,7.74,8.51,8.53,8.52
1980-03,6.64,6.98,7.28,7.29,7.28,7.18,7.03,7.23,7.29,7.26,6.38,7.26,7.28,7.29
1980-04,8.22,8.46,8.67,8.68,8.66,8.58,8.49,8.62,8.66,8.63,8.01,8.64,8.65,8.65
1980-05,8.36,8.82,9.21,9.23,9.21,9.08,8.88,9.14,9.23,9.17,8.01,9.18,9.21,9.22
1980-06,11.42,11.82,12.16,12.18,12.17,12.06,11.88,12.1,12.19,12.15,11.13,12.14,12.17,12.19
1980-07,11.83,12.22,12.55,12.57,12.56,12.46,12.28,12.5,12.58,12.54,11.57,12.53,12.57,12.58
1980-08,13.23,13.72,14.14,14.16,14.14,14,13.79,14.07,14.16,14.11,12.86,14.11,14.15,14.16
1980-09,12.75,13.16,13.51,13.53,13.51,13.39,13.22,13.45,13.53,13.48,12.45,13.49,13.52,13.53
1980-10,9.37,9.65,9.88,9.89,9.88,9.8,9.69,9.84,9.89,9.86,9.16,9.87,9.88,9.89
1980-11,8.42,8.61,8.76,8.76,8.75,8.68,8.63,8.73,8.76,8.73,8.26,8.75,8.75,8.75
1980-12,8.22,8.49,8.72,8.72,8.69,8.6,8.52,8.67,8.7,8.66,7.99,8.69,8.7,8.69
1981-01,8.02,8.31,8.55,8.56,8.53,8.44,8.34,8.5,8.55,8.5,7.78,8.53,8.54,8.53
1981-02,6.83,7.06,7.25,7.26,7.24,7.16,7.08,7.21,7.25,7.22,6.64,7.23,7.24,7.24
1981-03,8.28,8.6,8.88,8.89,8.88,8.79,8.66,8.84,8.91,8.87,8.07,8.88,8.9,8.91
1981-04,8.02,8.33,8.61,8.62,8.6,8.51,8.38,8.56,8.62,8.58,7.78,8.59,8.61,8.62
1981-05,9.98,10.33,10.64,10.65,10.64,10.54,10.38,10.59,10.66,10.62,9.72,10.61,10.64,10.65
1981-06,11.14,11.49,11.78,11.79,11.77,11.66,11.54,11.73,11.79,11.74,10.88,11.76,11.78,11.78
1981-07,12.55,12.87,13.15,13.16,13.15,13.07,12.93,13.11,13.18,13.14,12.33,13.14,13.17,13.18
1981-08,13.69,14.08,14.42,14.44,14.43,14.32,14.15,14.38,14.45,14.41,13.41,14.41,14.44,14.45
1981-09,12.41,12.75,13.05,13.07,13.06,12.96,12.81,13.01,13.08,13.05,12.18,13.04,13.07,13.08
1981-10,8.24,8.52,8.76,8.77,8.76,8.69,8.57,8.73,8.79,8.76,8.07,8.76,8.78,8.79
1981-11,8.81,9.19,9.5,9.51,9.48,9.37,9.24,9.44,9.51,9.45,8.52,9.48,9.5,9.5
1981-12,6.14,6.49,6.79,6.81,6.79,6.68,6.54,6.74,6.8,6.76,5.88,6.77,6.79,6.8
1982-01,7.51,7.75,7.95,7.96,7.94,7.87,7.78,7.92,7.96,7.93,7.31,7.94,7.95,7.96
1982-02,7.62,7.87,8.08,8.09,8.07,7.99,7.91,8.05,8.09,8.05,7.42,8.07,8.08,8.08
1982-03,7.15,7.38,7.57,7.58,7.56,7.49,7.41,7.54,7.57,7.55,6.97,7.56,7.57,7.57
1982-04,8.42,8.6,8.75,8.75,8.73,8.66,8.62,8.72,8.74,8.71,8.26,8.73,8.74,8.73
1982-05,8.86,9.2,9.49,9.51,9.49,9.39,9.25,9.44,9.51,9.47,8.6,9.47,9.5,9.5
1982-06,12.36,12.7,12.98,13,12.98,12.89,12.76,12.94,13.01,12.97,12.13,12.98,13,13.01
1982-07,12.96,13.28,13.55,13.57,13.56,13.47,13.34,13.52,13.58,13.55,12.75,13.55,13.58,13.59
1982-08,12.6,12.98,13.31,13.32,13.31,13.2,13.05,13.26,13.34,13.3,12.34,13.3,13.33,13.34
1982-09,11.57,11.92,12.22,12.24,12.23,12.14,11.99,12.19,12.26,12.23,11.36,12.23,12.27,12.28
1982-10,9.75,10.1,10.39,10.41,10.41,10.31,10.16,10.36,10.43,10.4,9.52,10.39,10.42,10.44
1982-11,8.19,8.46,8.68,8.7,8.69,8.62,8.51,8.66,8.71,8.68,8.02,8.69,8.71,8.72
1982-12,7.28,7.54,7.76,7.77,7.75,7.67,7.58,7.72,7.77,7.73,7.08,7.75,7.76,7.77
1983-01,7.92,8.14,8.33,8.33,8.31,8.24,8.18,8.3,8.34,8.31,7.76,8.33,8.34,8.34
1983-02,5.68,5.92,6.12,6.14,6.13,6.07,5.95,6.09,6.14,6.12,5.5,6.11,6.13,6.14
1983-03,8.3,8.52,8.72,8.72,8.7,8.63,8.55,8.68,8.71,8.68,8.1,8.7,8.71,8.71
1983-04,6.64,6.94,7.2,7.22,7.21,7.13,7,7.17,7.23,7.2,6.44,7.2,7.23,7.24
1983-05,8.79,9.15,9.46,9.48,9.46,9.36,9.22,9.42,9.49,9.45,8.54,9.45,9.48,9.49
1983-06,11.54,11.81,12.05,12.07,12.06,11.98,11.87,12.03,12.08,12.05,11.36,12.06,12.08,12.09
1983-07,14.69,14.89,15.06,15.07,15.07,15.01,14.94,15.06,15.09,15.07,14.58,15.09,15.1,15.1
1983-08,14.34,14.61,14.85,14.86,14.85,14.78,14.66,14.82,14.87,14.84,14.14,14.85,14.87,14.88
1983-09,11.79,12.09,12.35,12.37,12.35,12.27,12.15,12.33,12.38,12.35,11.6,12.36,12.38,12.39
1983-10,10.04,10.31,10.54,10.54,10.53,10.45,10.35,10.5,10.55,10.51,9.84,10.53,10.54,10.54
1983-11,9.33,9.63,9.89,9.9,9.89,9.8,9.67,9.85,9.9,9.87,9.1,9.87,9.89,9.9
1983-12,8.62,8.91,9.15,9.16,9.14,9.04,8.95,9.11,9.15,9.11,8.39,9.14,9.15,9.15
1984-01,6.33,6.58,6.8,6.82,6.8,6.73,6.63,6.78,6.83,6.8,6.16,6.81,6.82,6.83
1984-02,7.31,7.65,7.93,7.95,7.92,7.83,7.69,7.88,7.93,7.9,7.04,7.9,7.92,7.93
1984-03,6.57,6.88,7.15,7.17,7.16,7.07,6.93,7.1,7.17,7.14,6.34,7.13,7.15,7.16
1984-04,7.53,7.86,8.13,8.15,8.13,8.04,7.89,8.08,8.14,8.1,7.27,8.1,8.12,8.13
1984-05,7.86,8.24,8.57,8.6,8.59,8.49,8.3,8.52,8.6,8.56,7.59,8.55,8.58,8.6
1984-06,11.98,12.31,12.6,12.62,12.61,12.52,12.38,12.57,12.63,12.6,11.75,12.6,12.63,12.64
1984-07,12.55,12.97,13.34,13.36,13.35,13.24,13.04,13.29,13.37,13.33,12.25,13.32,13.36,13.38
1984-08,13.66,14.01,14.32,14.34,14.33,14.24,14.09,14.29,14.37,14.33,13.44,14.33,14.37,14.38
1984-09,11.51,11.75,11.97,11.99,11.99,11.93,11.81,11.96,12.01,12,11.37,11.99,12.02,12.03
1984-10,10.35,10.58,10.79,10.81,10.8,10.74,10.64,10.78,10.83,10.81,10.21,10.81,10.83,10.84
1984-11,7.97,8.26,8.51,8.53,8.54,8.47,8.32,8.49,8.56,8.53,7.8,8.52,8.55,8.57
1984-12,7.9,8.21,8.48,8.49,8.48,8.39,8.26,8.44,8.5,8.47,7.67,8.47,8.49,8.5
1985-01,5.76,5.96,6.12,6.13,6.12,6.07,5.99,6.1,6.13,6.11,5.62,6.12,6.13,6.14
1985-02,6.78,6.99,7.17,7.17,7.16,7.09,7.02,7.14,7.17,7.14,6.62,7.17,7.17,7.17
1985-03,6.74,6.98,7.19,7.2,7.2,7.14,7.02,7.16,7.21,7.19,6.58,7.18,7.2,7.21
1985-04,8.47,8.69,8.89,8.9,8.89,8.83,8.73,8.86,8.91,8.88,8.3,8.89,8.9,8.91
1985-05,8.77,9.16,9.5,9.52,9.52,9.43,9.23,9.46,9.54,9.52,8.52,9.49,9.54,9.56
1985-06,9.71,10.14,10.51,10.54,10.53,10.42,10.21,10.46,10.55,10.52,9.42,10.5,10.54,10.56
1985-07,13.11,13.44,13.74,13.76,13.75,13.67,13.51,13.7,13.77,13.75,12.89,13.73,13.77,13.78
1985-08,12.21,12.5,12.75,12.77,12.77,12.69,12.56,12.73,12.79,12.76,12.03,12.76,12.78,12.8
1985-09,13.48,13.66,13.8,13.81,13.79,13.74,13.7,13.8,13.82,13.8,13.37,13.83,13.83,13.83
1985-10,10.57,10.84,11.08,11.09,11.08,11,10.89,11.05,11.1,11.07,10.37,11.07,11.09,11.1
1985-11,6.8,7.05,7.27,7.28,7.27,7.2,7.09,7.24,7.29,7.26,6.61,7.26,7.28,7.29
1985-12,8.39,8.57,8.72,8.72,8.7,8.63,8.59,8.69,8.72,8.68,8.23,8.71,8.72,8.71
1986-01,6.84,7.01,7.15,7.15,7.13,7.07,7.03,7.12,7.15,7.12,6.71,7.14,7.15,7.14
1986-02,4.7,4.81,4.91,4.92,4.92,4.89,4.83,4.9,4.92,4.91,4.62,4.9,4.91,4.92
1986-03,6.99,7.12,7.23,7.23,7.23,7.19,7.14,7.21,7.23,7.22,6.91,7.23,7.23,7.24
1986-04,6.52,6.69,6.85,6.86,6.85,6.8,6.72,6.82,6.86,6.84,6.4,6.84,6.86,6.86
1986-05,9.02,9.2,9.36,9.38,9.38,9.34,9.24,9.35,9.39,9.38,8.91,9.37,9.39,9.4
1986-06,11.57,11.74,11.89,11.9,11.89,11.84,11.78,11.88,11.92,11.9,11.46,11.9,11.92,11.93
1986-07,12.81,13.04,13.24,13.26,13.26,13.21,13.1,13.24,13.29,13.27,12.68,13.27,13.29,13.31
1986-08,10.72,11.06,11.35,11.37,11.36,11.27,11.12,11.32,11.39,11.35,10.51,11.35,11.39,11.4
1986-09,9.97,10.25,10.5,10.51,10.5,10.42,10.29,10.46,10.51,10.48,9.75,10.48,10.5,10.51
1986-10,9.91,10.19,10.43,10.44,10.43,10.34,10.24,10.39,10.45,10.41,9.71,10.42,10.44,10.45
1986-11,8.27,8.51,8.72,8.72,8.71,8.63,8.55,8.68,8.72,8.69,8.08,8.7,8.72,8.72
1986-12,7.74,7.99,8.21,8.21,8.19,8.11,8.03,8.17,8.21,8.17,7.54,8.2,8.21,8.21
1987-01,6.31,6.54,6.74,6.75,6.73,6.66,6.56,6.69,6.73,6.7,6.1,6.71,6.72,6.72
1987-02,6.88,7.13,7.33,7.34,7.32,7.24,7.15,7.29,7.33,7.3,6.68,7.31,7.32,7.32
1987-03,6.97,7.16,7.33,7.33,7.31,7.25,7.19,7.3,7.33,7.3,6.81,7.32,7.32,7.32
1987-04,8.78,9.04,9.27,9.28,9.28,9.21,9.09,9.24,9.29,9.27,8.61,9.27,9.29,9.3
1987-05,8.82,9.08,9.3,9.31,9.3,9.22,9.11,9.26,9.31,9.28,8.62,9.28,9.3,9.31
1987-06,10.08,10.41,10.7,10.73,10.73,10.66,10.49,10.68,10.76,10.73,9.89,10.71,10.75,10.77
1987-07,12.89,13.27,13.61,13.63,13.62,13.52,13.34,13.56,13.64,13.6,12.63,13.59,13.62,13.64
1987-08,12.91,13.23,13.51,13.54,13.55,13.48,13.3,13.49,13.57,13.55,12.73,13.53,13.56,13.58
1987-09,10.77,11.1,11.39,11.41,11.41,11.32,11.17,11.36,11.43,11.4,10.56,11.4,11.43,11.44
1987-10,8.35,8.8,9.19,9.22,9.22,9.1,8.88,9.14,9.24,9.2,8.04,9.18,9.23,9.24
1987-11,8.08,8.4,8.67,8.69,8.67,8.58,8.44,8.62,8.68,8.65,7.84,8.65,8.67,8.68
1987-12,8.01,8.27,8.5,8.51,8.49,8.42,8.31,8.46,8.51,8.48,7.81,8.48,8.5,8.5
1988-01,6.98,7.25,7.49,7.5,7.49,7.41,7.3,7.45,7.51,7.48,6.79,7.48,7.5,7.51
1988-02,6.81,7.03,7.22,7.22,7.21,7.14,7.05,7.17,7.21,7.18,6.62,7.19,7.2,7.2
1988-03,7.66,7.94,8.18,8.19,8.17,8.08,7.98,8.14,8.19,8.15,7.44,8.17,8.18,8.18
1988-04,8.41,8.68,8.91,8.91,8.89,8.81,8.71,8.86,8.9,8.86,8.19,8.88,8.89,8.89
1988-05,8.84,9.26,9.63,9.66,9.65,9.54,9.33,9.57,9.66,9.62,8.53,9.6,9.64,9.65
1988-06,11.74,12.1,12.39,12.4,12.38,12.27,12.14,12.34,12.4,12.35,11.47,12.37,12.39,12.39
1988-07,11.65,12.04,12.38,12.4,12.4,12.29,12.11,12.33,12.42,12.38,11.38,12.36,12.4,12.41
1988-08,12.31,12.68,13,13.02,13.01,12.92,12.73,12.94,13.02,12.99,12.05,12.97,13.01,13.02
1988-09,11.33,11.58,11.79,11.8,11.79,11.72,11.61,11.75,11.8,11.77,11.14,11.78,11.8,11.8
1988-10,10.07,10.4,10.68,10.7,10.69,10.6,10.45,10.64,10.7,10.67,9.85,10.67,10.7,10.7
1988-11,8.27,8.45,8.6,8.6,8.58,8.52,8.46,8.56,8.59,8.56,8.1,8.58,8.58,8.58
1988-12,9.36,9.53,9.67,9.67,9.64,9.57,9.55,9.64,9.66,9.62,9.2,9.66,9.66,9.64
1989-01,8.65,8.83,8.98,8.98,8.95,8.88,8.84,8.93,8.96,8.92,8.46,8.95,8.95,8.93
1989-02,7.51,7.7,7.85,7.85,7.83,7.76,7.72,7.82,7.84,7.81,7.34,7.84,7.84,7.83
1989-03,7.76,7.94,8.1,8.1,8.09,8.03,7.97,8.07,8.1,8.08,7.63,8.09,8.1,8.1
1989-04,6.94,7.18,7.38,7.39,7.38,7.31,7.21,7.34,7.39,7.36,6.76,7.36,7.38,7.39
1989-05,9.95,10.09,10.21,10.21,10.2,10.15,10.12,10.2,10.22,10.19,9.86,10.22,10.23,10.22
1989-06,10.86,11.08,11.28,11.3,11.3,11.24,11.13,11.26,11.31,11.3,10.73,11.29,11.31,11.32
1989-07,13.49,13.91,14.27,14.29,14.27,14.15,13.97,14.21,14.29,14.24,13.18,14.25,14.28,14.28
1989-08,13.2,13.52,13.81,13.83,13.82,13.73,13.59,13.78,13.84,13.81,12.98,13.81,13.84,13.85
1989-09,11.03,11.45,11.81,11.83,11.83,11.72,11.53,11.76,11.86,11.82,10.77,11.8,11.85,11.86
1989-10,10.93,11.27,11.56,11.57,11.55,11.44,11.31,11.51,11.57,11.53,10.66,11.54,11.56,11.57
1989-11,8.07,8.38,8.65,8.67,8.65,8.56,8.43,8.61,8.67,8.64,7.83,8.63,8.66,8.67
1989-12,6.93,7.23,7.5,7.53,7.53,7.47,7.29,7.48,7.55,7.53,6.74,7.5,7.53,7.56
1990-01,8.21,8.48,8.72,8.73,8.71,8.63,8.53,8.69,8.74,8.71,8.01,8.72,8.74,8.74
1990-02,7.85,8.11,8.33,8.34,8.33,8.25,8.16,8.31,8.36,8.33,7.67,8.34,8.36,8.37
1990-03,8.65,8.82,8.96,8.95,8.93,8.87,8.83,8.92,8.94,8.91,8.49,8.94,8.94,8.93
1990-04,7.98,8.19,8.38,8.38,8.37,8.3,8.21,8.33,8.37,8.34,7.8,8.35,8.36,8.36
1990-05,10.16,10.43,10.66,10.67,10.66,10.58,10.47,10.62,10.67,10.64,9.95,10.65,10.67,10.67
1990-06,11.14,11.4,11.61,11.61,11.6,11.52,11.43,11.57,11.61,11.58,10.95,11.59,11.61,11.61
1990-07,13.07,13.3,13.49,13.5,13.49,13.42,13.33,13.46,13.51,13.48,12.9,13.49,13.5,13.51
1990-08,14.44,14.68,14.89,14.91,14.9,14.84,14.74,14.88,14.92,14.9,14.29,14.91,14.93,14.93
1990-09,10.97,11.27,11.52,11.53,11.51,11.42,11.31,11.47,11.53,11.49,10.75,11.5,11.52,11.52
1990-10,10.65,11,11.31,11.33,11.32,11.22,11.07,11.27,11.34,11.3,10.4,11.31,11.34,11.35
1990-11,7.79,8.09,8.36,8.38,8.37,8.29,8.15,8.32,8.38,8.35,7.58,8.34,8.37,8.38
1990-12,6.89,7.07,7.22,7.22,7.21,7.15,7.09,7.19,7.22,7.19,6.74,7.2,7.21,7.21
1991-01,6.35,6.6,6.82,6.83,6.82,6.75,6.63,6.78,6.83,6.8,6.15,6.79,6.81,6.82
1991-02,6.32,6.5,6.66,6.67,6.66,6.6,6.53,6.63,6.66,6.64,6.17,6.65,6.66,6.66
1991-03,8.32,8.57,8.78,8.79,8.79,8.72,8.61,8.75,8.8,8.77,8.15,8.77,8.79,8.8
1991-04,7.63,7.9,8.13,8.15,8.14,8.07,7.94,8.1,8.16,8.13,7.44,8.12,8.15,8.16
1991-05,10.08,10.28,10.46,10.47,10.45,10.38,10.31,10.42,10.46,10.43,9.91,10.44,10.45,10.45
1991-06,10.25,10.6,10.91,10.93,10.91,10.82,10.67,10.87,10.94,10.9,10.01,10.9,10.93,10.94
1991-07,14.12,14.45,14.74,14.76,14.76,14.68,14.51,14.7,14.77,14.74,13.89,14.73,14.76,14.77
1991-08,13.69,14,14.27,14.3,14.29,14.22,14.07,14.25,14.32,14.3,13.51,14.29,14.32,14.33
1991-09,11.75,11.95,12.13,12.14,12.13,12.07,12,12.12,12.15,12.13,11.62,12.14,12.16,12.16
1991-10,9.68,9.99,10.25,10.27,10.26,10.18,10.04,10.21,10.28,10.24,9.47,10.24,10.27,10.28
1991-11,8.16,8.42,8.64,8.65,8.63,8.55,8.45,8.6,8.65,8.61,7.96,8.62,8.64,8.64
1991-12,8.11,8.34,8.53,8.53,8.51,8.44,8.36,8.49,8.52,8.49,7.92,8.51,8.52,8.51
1992-01,7.88,8.05,8.19,8.19,8.17,8.1,8.05,8.14,8.16,8.13,7.71,8.15,8.15,8.14
1992-02,7.75,7.95,8.12,8.13,8.11,8.04,7.98,8.09,8.12,8.09,7.58,8.11,8.12,8.11
1992-03,8.31,8.54,8.74,8.74,8.72,8.65,8.57,8.7,8.74,8.71,8.13,8.73,8.74,8.74
1992-04,8.63,8.85,9.03,9.04,9.02,8.94,8.87,8.99,9.03,8.98,8.46,9,9.01,8.99
1992-05,10.93,11.2,11.43,11.45,11.44,11.34,11.24,11.39,11.44,11.39,10.72,11.41,11.43,11.42
1992-06,12.14,12.63,13.04,13.07,13.06,12.91,12.7,12.97,13.07,13.01,11.8,13.01,13.06,13.05
1992-07,12.84,13.28,13.66,13.69,13.68,13.53,13.35,13.6,13.7,13.62,12.52,13.64,13.68,13.66
1992-08,12.01,12.3,12.54,12.55,12.55,12.43,12.33,12.49,12.55,12.47,11.8,12.51,12.53,12.48
1992-09,10.8,11.15,11.45,11.47,11.46,11.35,11.2,11.4,11.47,11.42,10.56,11.43,11.46,11.45
1992-10,8.32,8.58,8.8,8.81,8.8,8.7,8.6,8.75,8.8,8.74,8.1,8.76,8.78,8.75
1992-11,8.3,8.61,8.87,8.88,8.86,8.76,8.66,8.83,8.89,8.84,8.08,8.87,8.89,8.88
1992-12,7.15,7.4,7.61,7.61,7.59,7.51,7.43,7.56,7.6,7.56,6.94,7.58,7.59,7.59
1993-01,7.65,7.82,7.96,7.96,7.94,7.87,7.84,7.93,7.96,7.91,7.52,7.95,7.96,7.94
1993-02,8.53,8.73,8.9,8.9,8.88,8.79,8.74,8.85,8.87,8.82,8.32,8.86,8.86,8.84
1993-03,7.79,7.98,8.13,8.13,8.11,8.05,8,8.1,8.13,8.09,7.63,8.12,8.12,8.12
1993-04,9.01,9.29,9.53,9.54,9.53,9.44,9.34,9.5,9.55,9.51,8.8,9.53,9.54,9.54
1993-05,9.54,9.91,10.23,10.25,10.24,10.11,9.96,10.17,10.25,10.18,9.26,10.2,10.23,10.21
1993-06,12.16,12.43,12.65,12.66,12.64,12.57,12.48,12.62,12.67,12.65,11.97,12.66,12.67,12.69
1993-07,12.67,12.94,13.16,13.17,13.16,13.06,12.98,13.12,13.17,13.12,12.49,13.15,13.16,13.14
1993-08,11.9,12.2,12.46,12.47,12.45,12.36,12.25,12.42,12.48,12.44,11.69,12.45,12.47,12.48
1993-09,10.86,11.23,11.55,11.56,11.55,11.47,11.3,11.51,11.58,11.57,10.61,11.55,11.58,11.62
1993-10,8.14,8.44,8.71,8.73,8.72,8.65,8.49,8.67,8.73,8.71,7.92,8.69,8.72,8.74
1993-11,7.71,8,8.24,8.25,8.24,8.14,8.04,8.2,8.25,8.21,7.5,8.23,8.24,8.24
1993-12,7.59,7.85,8.06,8.06,8.05,7.95,7.88,8.02,8.06,8.01,7.41,8.05,8.06,8.04
1994-01,7.12,7.36,7.56,7.56,7.55,7.48,7.4,7.53,7.57,7.55,6.96,7.56,7.57,7.58
1994-02,7.06,7.23,7.36,7.36,7.35,7.3,7.26,7.35,7.37,7.36,6.96,7.38,7.38,7.39
1994-03,8.19,8.45,8.66,8.66,8.65,8.53,8.47,8.61,8.65,8.58,7.98,8.63,8.64,8.6
1994-04,8.05,8.31,8.53,8.54,8.52,8.45,8.35,8.49,8.54,8.51,7.85,8.51,8.53,8.55
1994-05,8.52,8.86,9.16,9.18,9.17,9.09,8.94,9.13,9.2,9.2,8.31,9.17,9.21,9.25
1994-06,11.07,11.44,11.75,11.77,11.76,11.64,11.5,11.7,11.78,11.72,10.8,11.74,11.77,11.76
1994-07,12.93,13.47,13.93,13.96,13.96,13.79,13.55,13.85,13.96,13.88,12.55,13.88,13.93,13.91
1994-08,12.28,12.7,13.07,13.09,13.07,12.95,12.78,13.02,13.1,13.06,11.99,13.06,13.1,13.11
1994-09,11.07,11.44,11.75,11.77,11.75,11.66,11.5,11.71,11.78,11.75,10.82,11.75,11.78,11.8
1994-10,10.03,10.37,10.66,10.66,10.64,10.55,10.42,10.61,10.67,10.64,9.78,10.65,10.67,10.69
1994-11,10.09,10.46,10.77,10.78,10.76,10.68,10.53,10.74,10.81,10.8,9.85,10.79,10.82,10.86
1994-12,8.14,8.37,8.57,8.57,8.55,8.48,8.41,8.54,8.58,8.55,7.98,8.57,8.58,8.59
1995-01,7.33,7.56,7.76,7.77,7.75,7.68,7.61,7.73,7.77,7.74,7.16,7.76,7.77,7.78
1995-02,7.48,7.74,7.97,7.97,7.95,7.87,7.79,7.94,7.98,7.95,7.29,7.97,7.98,7.99
1995-03,7.16,7.36,7.53,7.53,7.51,7.45,7.39,7.5,7.53,7.49,7,7.52,7.52,7.52
1995-04,8.63,8.87,9.07,9.08,9.06,8.97,8.89,9.02,9.06,9.02,8.42,9.04,9.05,9.05
1995-05,9.45,9.67,9.86,9.87,9.86,9.8,9.7,9.83,9.87,9.84,9.29,9.84,9.86,9.86
1995-06,11.17,11.48,11.75,11.75,11.73,11.67,11.54,11.71,11.76,11.76,10.95,11.75,11.77,11.81
1995-07,14.36,14.73,15.06,15.07,15.06,14.95,14.8,15.01,15.09,15.05,14.09,15.05,15.08,15.09
1995-08,14.49,14.91,15.26,15.27,15.24,15.11,14.97,15.2,15.27,15.21,14.17,15.24,15.26,15.26
1995-09,11.34,11.66,11.94,11.96,11.95,11.86,11.72,11.9,11.97,11.93,11.11,11.93,11.96,11.96
1995-10,11.41,11.71,11.98,11.98,11.97,11.89,11.78,11.95,12.01,11.98,11.21,11.99,12.01,12.03
1995-11,8.95,9.27,9.54,9.55,9.53,9.44,9.31,9.49,9.55,9.52,8.72,9.52,9.54,9.55
1995-12,6.65,6.86,7.04,7.07,7.06,7.02,6.91,7.04,7.09,7.08,6.53,7.06,7.08,7.11
1996-01,7.86,8.07,8.25,8.26,8.24,8.18,8.11,8.23,8.26,8.24,7.71,8.26,8.27,8.27
1996-02,6.05,6.23,6.39,6.4,6.39,6.34,6.26,6.37,6.4,6.39,5.91,6.39,6.4,6.41
1996-03,6.69,6.88,7.04,7.05,7.03,6.99,6.92,7.02,7.06,7.05,6.55,7.05,7.06,7.08
1996-04,8.54,8.79,9.01,9.02,9,8.93,8.83,8.98,9.02,8.99,8.35,9,9.01,9.02
1996-05,7.75,8.01,8.24,8.25,8.24,8.19,8.07,8.21,8.27,8.27,7.58,8.25,8.27,8.31
1996-06,10.4,10.75,11.05,11.06,11.05,10.97,10.82,11.01,11.08,11.07,10.16,11.06,11.09,11.12
1996-07,12.82,13.16,13.45,13.46,13.44,13.35,13.22,13.41,13.47,13.43,12.57,13.44,13.46,13.47
1996-08,12.89,13.29,13.65,13.66,13.65,13.58,13.38,13.61,13.69,13.7,12.62,13.66,13.7,13.77
1996-09,11.67,12.02,12.33,12.33,12.3,12.23,12.08,12.27,12.33,12.33,11.4,12.31,12.34,12.39
1996-10,10.76,11.03,11.25,11.26,11.24,11.17,11.08,11.22,11.27,11.25,10.57,11.26,11.27,11.29
1996-11,7.7,7.94,8.15,8.15,8.14,8.07,7.98,8.12,8.16,8.14,7.52,8.15,8.16,8.17
1996-12,6.98,7.21,7.41,7.43,7.41,7.35,7.25,7.39,7.43,7.41,6.82,7.41,7.42,7.43
1997-01,7.4,7.57,7.71,7.71,7.69,7.64,7.58,7.67,7.7,7.67,7.24,7.69,7.69,7.69
1997-02,7.71,7.95,8.15,8.16,8.14,8.05,7.98,8.12,8.15,8.11,7.53,8.14,8.15,8.14
1997-03,8.45,8.73,8.96,8.97,8.95,8.86,8.77,8.92,8.96,8.93,8.24,8.94,8.96,8.96
1997-04,8.85,9.11,9.33,9.33,9.3,9.24,9.15,9.29,9.33,9.32,8.63,9.33,9.34,9.36
1997-05,9.88,10.17,10.42,10.43,10.4,10.3,10.2,10.36,10.41,10.36,9.64,10.38,10.4,10.39
1997-06,10.31,10.73,11.1,11.13,11.13,11.02,10.81,11.05,11.15,11.11,10.04,11.09,11.13,11.15
1997-07,12.99,13.5,13.95,13.97,13.95,13.84,13.6,13.89,14,13.98,12.64,13.95,14,14.05
1997-08,13.91,14.37,14.78,14.8,14.79,14.69,14.47,14.74,14.84,14.81,13.63,14.79,14.84,14.87
1997-09,11.55,11.84,12.1,12.1,12.09,12.03,11.92,12.09,12.14,12.14,11.37,12.14,12.16,12.2
1997-10,10.47,10.79,11.06,11.06,11.04,10.95,10.84,11.03,11.08,11.04,10.24,11.07,11.08,11.09
1997-11,9.57,9.91,10.2,10.21,10.19,10.09,9.96,10.15,10.21,10.17,9.31,10.18,10.2,10.2
1997-12,8.22,8.46,8.65,8.66,8.64,8.56,8.48,8.6,8.64,8.6,8.02,8.62,8.63,8.62
1998-01,7.17,7.42,7.63,7.63,7.62,7.55,7.45,7.59,7.63,7.61,6.98,7.61,7.63,7.63
1998-02,8.67,8.92,9.13,9.13,9.11,9.04,8.95,9.09,9.13,9.11,8.47,9.12,9.13,9.14
1998-03,8.22,8.51,8.76,8.77,8.75,8.68,8.57,8.74,8.79,8.77,8.02,8.78,8.8,8.82
1998-04,7.36,7.67,7.94,7.95,7.95,7.87,7.73,7.91,7.97,7.95,7.16,7.94,7.97,7.99
1998-05,10.06,10.33,10.56,10.57,10.55,10.5,10.39,10.54,10.59,10.59,9.9,10.58,10.6,10.63
1998-06,10.95,11.33,11.66,11.68,11.68,11.59,11.41,11.63,11.72,11.7,10.71,11.68,11.72,11.75
1998-07,12.43,12.77,13.06,13.07,13.05,12.95,12.82,13.01,13.08,13.03,12.18,13.05,13.07,13.07
1998-08,13.32,13.61,13.85,13.85,13.83,13.74,13.65,13.81,13.85,13.81,13.1,13.84,13.85,13.85
1998-09,12.43,12.86,13.23,13.25,13.24,13.12,12.93,13.17,13.26,13.21,12.13,13.21,13.25,13.26
1998-10,9.58,9.88,10.13,10.15,10.14,10.06,9.93,10.1,10.16,10.12,9.39,10.13,10.15,10.16
1998-11,8.49,8.75,8.98,8.99,8.96,8.89,8.79,8.94,8.99,8.95,8.28,8.97,8.98,8.98
1998-12,8.04,8.29,8.51,8.51,8.5,8.41,8.33,8.47,8.51,8.47,7.83,8.49,8.51,8.5
1999-01,7.11,7.32,7.49,7.48,7.45,7.34,7.31,7.41,7.43,7.36,6.88,7.42,7.42,7.38
1999-02,7.76,7.91,8.03,8.03,8,7.94,7.92,8,8.01,7.97,7.62,8.01,8.01,7.99
1999-03,7.66,7.86,8.03,8.03,8.03,7.97,7.89,8,8.04,8.01,7.52,8.02,8.03,8.04
1999-04,9.03,9.19,9.32,9.33,9.32,9.27,9.21,9.3,9.33,9.3,8.91,9.31,9.32,9.32
1999-05,10.39,10.64,10.85,10.85,10.84,10.76,10.67,10.81,10.86,10.82,10.2,10.84,10.85,10.85
1999-06,10.94,11.21,11.45,11.46,11.45,11.37,11.26,11.41,11.47,11.43,10.76,11.44,11.46,11.46
1999-07,13.82,14.15,14.44,14.45,14.44,14.33,14.2,14.39,14.45,14.41,13.57,14.42,14.44,14.44
1999-08,13.3,13.67,13.98,13.99,13.98,13.86,13.73,13.94,14.01,13.95,13.05,13.98,14,13.99
1999-09,12.79,13.2,13.56,13.58,13.58,13.49,13.29,13.52,13.62,13.59,12.54,13.57,13.62,13.65
1999-10,10.37,10.68,10.95,10.96,10.95,10.85,10.73,10.91,10.96,10.92,10.14,10.94,10.96,10.95
1999-11,8.78,9.03,9.24,9.24,9.23,9.15,9.06,9.2,9.25,9.2,8.59,9.22,9.24,9.23
1999-12,7.34,7.56,7.75,7.76,7.74,7.65,7.59,7.72,7.75,7.7,7.16,7.74,7.75,7.73
2000-01,7.53,7.74,7.92,7.92,7.9,7.83,7.76,7.88,7.91,7.88,7.36,7.89,7.9,7.9
2000-02,7.34,7.62,7.85,7.86,7.84,7.76,7.66,7.81,7.86,7.83,7.14,7.85,7.86,7.87
2000-03,8.38,8.61,8.8,8.8,8.78,8.7,8.62,8.75,8.78,8.74,8.17,8.76,8.77,8.75
2000-04,7.17,7.43,7.66,7.68,7.69,7.62,7.47,7.62,7.68,7.66,7,7.64,7.67,7.68
2000-05,9.58,9.94,10.25,10.26,10.26,10.15,10,10.2,10.27,10.23,9.34,10.23,10.26,10.26
2000-06,11.71,12.05,12.35,12.37,12.35,12.23,12.11,12.3,12.36,12.3,11.46,12.32,12.35,12.33
2000-07,12.65,13.03,13.35,13.36,13.34,13.23,13.09,13.3,13.36,13.33,12.38,13.34,13.36,13.38
2000-08,13.15,13.47,13.74,13.76,13.74,13.66,13.53,13.71,13.77,13.75,12.93,13.74,13.77,13.79
2000-09,12.07,12.5,12.87,12.89,12.88,12.78,12.58,12.83,12.92,12.89,11.79,12.88,12.92,12.95
2000-10,9.45,9.71,9.93,9.94,9.94,9.86,9.75,9.9,9.95,9.92,9.28,9.92,9.94,9.94
2000-11,7.79,8.03,8.24,8.25,8.24,8.17,8.07,8.21,8.26,8.24,7.63,8.23,8.26,8.27
2000-12,7.81,7.99,8.16,8.17,8.16,8.11,8.03,8.14,8.18,8.16,7.68,8.16,8.18,8.18
2001-01,6.82,7,7.14,7.15,7.14,7.09,7.05,7.15,7.18,7.16,6.72,7.2,7.2,7.21
2001-02,6.94,7.13,7.29,7.29,7.28,7.22,7.18,7.29,7.32,7.3,6.82,7.34,7.34,7.35
2001-03,6.82,7.03,7.22,7.22,7.2,7.14,7.08,7.2,7.24,7.21,6.67,7.24,7.25,7.25
2001-04,7.89,8.16,8.39,8.39,8.37,8.28,8.2,8.35,8.4,8.36,7.69,8.39,8.4,8.4
2001-05,10.43,10.66,10.85,10.85,10.83,10.76,10.69,10.82,10.86,10.83,10.24,10.86,10.87,10.88
2001-06,11.06,11.26,11.43,11.43,11.42,11.37,11.3,11.42,11.46,11.46,10.93,11.47,11.49,11.52
2001-07,13.27,13.49,13.68,13.69,13.67,13.59,13.53,13.65,13.69,13.65,13.1,13.67,13.69,13.69
2001-08,13.3,13.64,13.93,13.94,13.91,13.81,13.69,13.89,13.95,13.91,13.05,13.93,13.96,13.97
2001-09,12.28,12.51,12.7,12.7,12.68,12.62,12.57,12.7,12.74,12.72,12.15,12.76,12.77,12.78
2001-10,11.37,11.69,11.97,11.99,11.98,11.9,11.76,11.95,12.03,12.01,11.15,12.02,12.05,12.08
2001-11,9.36,9.54,9.69,9.68,9.66,9.61,9.57,9.68,9.71,9.7,9.2,9.74,9.75,9.76
2001-12,7.07,7.24,7.37,7.37,7.35,7.3,7.26,7.36,7.39,7.38,6.92,7.42,7.42,7.44
2002-01,8.19,8.37,8.51,8.5,8.48,8.42,8.39,8.49,8.52,8.5,8.04,8.54,8.55,8.56
2002-02,7.51,7.75,7.94,7.95,7.94,7.87,7.8,7.93,7.97,7.95,7.36,7.97,7.99,8
2002-03,8.03,8.24,8.41,8.41,8.38,8.31,8.27,8.38,8.41,8.38,7.86,8.41,8.41,8.42
2002-04,8.4,8.58,8.71,8.71,8.69,8.63,8.59,8.68,8.71,8.69,8.25,8.71,8.72,8.72
2002-05,9.76,10.09,10.37,10.38,10.36,10.27,10.14,10.33,10.4,10.37,9.51,10.38,10.41,10.42
2002-06,11.3,11.52,11.71,11.71,11.71,11.66,11.56,11.7,11.75,11.74,11.14,11.75,11.77,11.8
2002-07,12.17,12.53,12.83,12.85,12.85,12.77,12.6,12.8,12.88,12.87,11.95,12.85,12.9,12.93
2002-08,13.78,14.08,14.33,14.34,14.32,14.24,14.13,14.3,14.36,14.34,13.56,14.35,14.38,14.4
2002-09,11.78,12.04,12.25,12.25,12.24,12.17,12.08,12.24,12.29,12.28,11.59,12.3,12.33,12.36
2002-10,9.84,10.13,10.36,10.36,10.34,10.25,10.18,10.34,10.39,10.35,9.65,10.4,10.4,10.4
2002-11,9.68,10,10.26,10.26,10.23,10.12,10.04,10.22,10.26,10.21,9.44,10.26,10.26,10.26
2002-12,7.51,7.74,7.93,7.94,7.93,7.87,7.79,7.92,7.97,7.96,7.36,7.98,8,8.03
2003-01,7.32,7.48,7.61,7.6,7.58,7.52,7.49,7.58,7.6,7.57,7.18,7.61,7.61,7.61
2003-02,6.88,7.04,7.17,7.16,7.15,7.12,7.07,7.17,7.2,7.2,6.77,7.22,7.24,7.26
2003-03,7.5,7.68,7.82,7.82,7.8,7.76,7.71,7.82,7.85,7.85,7.38,7.88,7.9,7.92
2003-04,8.54,8.7,8.82,8.82,8.8,8.76,8.72,8.81,8.84,8.83,8.41,8.86,8.87,8.89
2003-05,9.89,10.13,10.34,10.35,10.35,10.3,10.19,10.33,10.39,10.38,9.75,10.38,10.41,10.43
2003-06,11.66,11.99,12.27,12.28,12.27,12.18,12.04,12.23,12.3,12.27,11.42,12.28,12.3,12.32
2003-07,14.06,14.36,14.62,14.63,14.61,14.52,14.41,14.59,14.65,14.62,13.83,14.63,14.66,14.67
2003-08,14.21,14.46,14.66,14.65,14.62,14.54,14.5,14.64,14.67,14.64,14.02,14.69,14.7,14.7
2003-09,12.4,12.63,12.81,12.8,12.77,12.69,12.66,12.79,12.81,12.78,12.2,12.84,12.84,12.84
2003-10,9.6,9.73,9.83,9.81,9.78,9.72,9.74,9.81,9.82,9.8,9.46,9.86,9.85,9.85
2003-11,9.22,9.43,9.6,9.6,9.57,9.51,9.46,9.58,9.61,9.58,9.06,9.62,9.63,9.63
2003-12,8.1,8.23,8.33,8.31,8.28,8.23,8.23,8.3,8.31,8.29,7.97,8.33,8.33,8.33
2004-01,7.74,7.93,8.1,8.1,8.09,8.02,7.96,8.07,8.1,8.07,7.58,8.09,8.1,8.1
2004-02,7.18,7.37,7.52,7.52,7.5,7.43,7.38,7.48,7.51,7.48,7.02,7.5,7.51,7.51
2004-03,7.55,7.73,7.87,7.87,7.84,7.77,7.74,7.84,7.86,7.83,7.38,7.87,7.87,7.87
2004-04,8.73,9.02,9.27,9.28,9.26,9.17,9.06,9.22,9.27,9.23,8.5,9.25,9.26,9.26
2004-05,10.04,10.32,10.55,10.56,10.55,10.47,10.36,10.52,10.57,10.54,9.84,10.55,10.57,10.58
2004-06,12.74,13.05,13.31,13.31,13.27,13.15,13.08,13.25,13.28,13.22,12.47,13.27,13.27,13.25
2004-07,12.24,12.57,12.86,12.88,12.87,12.78,12.66,12.85,12.92,12.9,12.05,12.91,12.94,12.96
2004-08,14.23,14.54,14.81,14.82,14.8,14.71,14.6,14.77,14.83,14.8,14.01,14.81,14.83,14.84
2004-09,12.92,13.16,13.35,13.35,13.32,13.24,13.19,13.33,13.36,13.32,12.73,13.37,13.37,13.38
2004-10,9.24,9.53,9.79,9.81,9.82,9.76,9.62,9.79,9.86,9.85,9.11,9.84,9.88,9.91
2004-11,9.45,9.67,9.85,9.84,9.81,9.74,9.7,9.81,9.84,9.81,9.26,9.86,9.86,9.86
2004-12,8.57,8.73,8.85,8.84,8.82,8.76,8.74,8.83,8.84,8.82,8.41,8.86,8.86,8.86
2005-01,8.48,8.65,8.78,8.77,8.74,8.68,8.66,8.75,8.77,8.74,8.32,8.78,8.78,8.77
2005-02,7.2,7.35,7.48,7.47,7.45,7.39,7.36,7.44,7.46,7.43,7.05,7.46,7.45,7.44
2005-03,8.95,9.13,9.27,9.26,9.23,9.16,9.14,9.23,9.24,9.2,8.77,9.25,9.24,9.23
2005-04,8.31,8.52,8.69,8.68,8.66,8.59,8.54,8.66,8.69,8.67,8.13,8.7,8.71,8.71
2005-05,9.3,9.52,9.7,9.7,9.67,9.6,9.55,9.67,9.71,9.68,9.12,9.72,9.73,9.74
2005-06,13.01,13.32,13.59,13.59,13.58,13.49,13.38,13.57,13.63,13.59,12.77,13.63,13.65,13.65
2005-07,13.74,14.09,14.37,14.37,14.34,14.23,14.14,14.33,14.38,14.34,13.48,14.38,14.39,14.4
2005-08,13.69,13.95,14.16,14.15,14.11,14.01,13.98,14.12,14.15,14.1,13.46,14.17,14.16,14.16
2005-09,12.86,13.08,13.27,13.26,13.23,13.15,13.12,13.24,13.27,13.24,12.67,13.29,13.3,13.3
2005-10,11.02,11.38,11.7,11.71,11.7,11.61,11.46,11.68,11.76,11.73,10.78,11.75,11.79,11.81
2005-11,8.31,8.49,8.63,8.62,8.6,8.54,8.51,8.61,8.64,8.62,8.15,8.66,8.66,8.67
2005-12,8.34,8.5,8.63,8.62,8.59,8.53,8.51,8.6,8.61,8.59,8.18,8.63,8.62,8.62
2006-01,7.67,7.85,8,7.99,7.97,7.91,7.87,7.97,7.99,7.97,7.5,8,8.01,8.01
2006-02,6.99,7.14,7.26,7.25,7.23,7.17,7.14,7.21,7.23,7.2,6.84,7.22,7.22,7.21
2006-03,7.52,7.62,7.69,7.68,7.64,7.59,7.62,7.66,7.66,7.63,7.4,7.68,7.67,7.65
2006-04,7.82,8.07,8.28,8.29,8.26,8.18,8.11,8.25,8.29,8.26,7.63,8.28,8.29,8.3
2006-05,9.68,10.03,10.33,10.33,10.31,10.19,10.08,10.28,10.33,10.28,9.41,10.32,10.33,10.33
2006-06,11.8,12.15,12.45,12.46,12.45,12.35,12.21,12.41,12.48,12.45,11.56,12.46,12.49,12.51
2006-07,14.87,15.05,15.2,15.19,15.16,15.1,15.07,15.17,15.19,15.16,14.7,15.21,15.21,15.2
2006-08,13.8,14.01,14.18,14.18,14.14,14.06,14.03,14.15,14.17,14.13,13.61,14.18,14.17,14.17
2006-09,13.59,13.93,14.21,14.21,14.18,14.07,13.97,14.16,14.21,14.15,13.32,14.2,14.2,14.2
2006-10,11.46,11.79,12.07,12.07,12.06,11.96,11.84,12.02,12.08,12.04,11.22,12.06,12.08,12.09
2006-11,8.59,8.76,8.9,8.9,8.88,8.83,8.79,8.88,8.91,8.89,8.47,8.91,8.92,8.92
2006-12,8.09,8.32,8.52,8.52,8.5,8.43,8.36,8.49,8.52,8.5,7.91,8.52,8.53,8.53
2007-01,8.08,8.25,8.39,8.39,8.38,8.33,8.28,8.38,8.41,8.4,7.95,8.41,8.43,8.44
2007-02,7.81,8.08,8.29,8.29,8.27,8.18,8.11,8.25,8.29,8.25,7.6,8.28,8.28,8.28
2007-03,7.75,7.91,8.04,8.03,8.01,7.96,7.93,8.01,8.03,8.01,7.61,8.04,8.04,8.04
2007-04,9.61,9.8,9.96,9.96,9.94,9.89,9.83,9.94,9.98,9.96,9.45,9.99,10,10.02
2007-05,9.62,9.9,10.14,10.15,10.13,10.05,9.96,10.12,10.18,10.15,9.41,10.18,10.2,10.21
2007-06,12.57,12.91,13.21,13.22,13.2,13.11,12.98,13.17,13.24,13.21,12.33,13.22,13.25,13.26
2007-07,12.74,13.12,13.45,13.46,13.44,13.34,13.18,13.4,13.48,13.44,12.46,13.46,13.49,13.51
2007-08,13.15,13.46,13.72,13.71,13.68,13.58,13.5,13.67,13.72,13.69,12.88,13.73,13.74,13.75
2007-09,12.25,12.5,12.71,12.7,12.68,12.61,12.54,12.68,12.73,12.7,12.05,12.74,12.75,12.76
2007-10,11.52,11.76,11.96,11.95,11.91,11.82,11.78,11.92,11.94,11.91,11.28,11.96,11.96,11.96
2007-11,9.67,9.85,10,9.98,9.95,9.88,9.86,9.95,9.97,9.93,9.49,9.98,9.97,9.97
2007-12,8.05,8.22,8.36,8.34,8.3,8.22,8.23,8.32,8.33,8.3,7.86,8.37,8.35,8.35
2008-01,7.75,8,8.21,8.21,8.19,8.12,8.04,8.18,8.23,8.2,7.57,8.23,8.25,8.26
2008-02,7.86,8,8.11,8.1,8.06,7.99,8,8.07,8.08,8.04,7.7,8.1,8.08,8.06
2008-03,7.26,7.44,7.58,7.57,7.55,7.48,7.46,7.55,7.57,7.55,7.1,7.59,7.59,7.59
2008-04,7.82,8.05,8.25,8.26,8.24,8.17,8.09,8.22,8.26,8.24,7.63,8.26,8.27,8.27
2008-05,10.59,10.86,11.08,11.08,11.06,10.97,10.89,11.04,11.08,11.04,10.37,11.07,11.07,11.07
2008-06,11.11,11.4,11.65,11.66,11.64,11.56,11.45,11.62,11.67,11.65,10.89,11.67,11.69,11.7
2008-07,13.8,14.03,14.22,14.22,14.2,14.14,14.07,14.2,14.25,14.23,13.64,14.26,14.27,14.29
2008-08,14.1,14.43,14.72,14.73,14.71,14.63,14.5,14.69,14.76,14.74,13.87,14.75,14.78,14.8
2008-09,11.88,12.21,12.49,12.5,12.48,12.39,12.27,12.46,12.53,12.5,11.64,12.53,12.55,12.57
2008-10,9.57,9.77,9.95,9.95,9.94,9.89,9.83,9.95,10,9.99,9.43,10.01,10.03,10.05
2008-11,8.9,9.07,9.2,9.19,9.15,9.09,9.08,9.17,9.18,9.15,8.72,9.2,9.19,9.19
2008-12,7.41,7.55,7.66,7.65,7.62,7.57,7.56,7.64,7.66,7.64,7.27,7.69,7.68,7.68
2009-01,7.71,7.88,8.01,7.99,7.96,7.88,7.88,7.97,7.98,7.93,7.53,7.99,7.98,7.96
2009-02,7.53,7.7,7.83,7.82,7.79,7.73,7.71,7.8,7.82,7.8,7.37,7.84,7.84,7.84
2009-03,8.21,8.27,8.31,8.3,8.28,8.26,8.27,8.31,8.31,8.31,8.15,8.34,8.34,8.34
2009-04,9.11,9.25,9.37,9.36,9.34,9.31,9.28,9.36,9.38,9.38,9,9.41,9.42,9.43
2009-05,10.37,10.51,10.61,10.6,10.58,10.54,10.53,10.6,10.61,10.6,10.26,10.64,10.63,10.64
2009-06,12.35,12.52,12.66,12.66,12.64,12.58,12.55,12.65,12.68,12.65,12.22,12.69,12.7,12.7
2009-07,13.95,14.2,14.42,14.42,14.4,14.32,14.23,14.37,14.42,14.38,13.73,14.39,14.4,14.41
2009-08,13.64,13.87,14.08,14.1,14.11,14.08,13.95,14.11,14.18,14.19,13.53,14.18,14.23,14.28
2009-09,13.08,13.14,13.19,13.18,13.15,13.11,13.14,13.17,13.16,13.14,12.98,13.19,13.17,13.16
2009-10,11.87,12,12.1,12.09,12.07,12.03,12.03,12.11,12.13,12.12,11.77,12.17,12.17,12.18
2009-11,8.9,9.07,9.21,9.21,9.2,9.16,9.11,9.21,9.25,9.23,8.78,9.26,9.27,9.28
2009-12,6.78,6.89,6.98,6.97,6.96,6.93,6.92,6.99,7.01,7.01,6.7,7.05,7.05,7.07
2010-01,6.37,6.51,6.63,6.62,6.6,6.54,6.53,6.61,6.62,6.6,6.23,6.64,6.64,6.65
2010-02,6.04,6.25,6.42,6.43,6.42,6.36,6.28,6.4,6.44,6.42,5.9,6.43,6.45,6.46
2010-03,6.78,6.94,7.07,7.07,7.06,7.03,6.97,7.06,7.09,7.08,6.68,7.09,7.11,7.12
2010-04,8.32,8.46,8.57,8.56,8.54,8.49,8.48,8.55,8.57,8.55,8.19,8.59,8.59,8.6
2010-05,9.65,9.8,9.91,9.91,9.89,9.84,9.82,9.9,9.92,9.9,9.54,9.93,9.93,9.93
2010-06,12.28,12.48,12.65,12.65,12.63,12.57,12.52,12.63,12.67,12.65,12.12,12.68,12.69,12.7
2010-07,13.74,13.91,14.07,14.07,14.06,14.01,13.96,14.06,14.1,14.08,13.64,14.1,14.11,14.12
2010-08,12.57,12.75,12.89,12.9,12.88,12.82,12.78,12.88,12.9,12.88,12.45,12.9,12.91,12.91
2010-09,12.92,13.11,13.27,13.26,13.22,13.15,13.14,13.24,13.26,13.23,12.75,13.29,13.28,13.28
2010-10,10.3,10.45,10.58,10.57,10.55,10.5,10.48,10.57,10.59,10.57,10.18,10.61,10.62,10.63
2010-11,7.66,7.8,7.92,7.92,7.9,7.85,7.83,7.91,7.93,7.91,7.55,7.95,7.95,7.96
2010-12,5.53,5.61,5.68,5.67,5.66,5.64,5.62,5.67,5.68,5.68,5.46,5.7,5.7,5.72
2011-01,6.88,7.02,7.15,7.14,7.13,7.09,7.04,7.13,7.16,7.15,6.75,7.17,7.18,7.2
2011-02,8.54,8.75,8.92,8.92,8.89,8.81,8.78,8.89,8.92,8.88,8.38,8.92,8.92,8.91
2011-03,7.89,8.01,8.1,8.1,8.08,8.03,8.02,8.08,8.1,8.08,7.77,8.11,8.1,8.1
2011-04,9.53,9.7,9.84,9.84,9.83,9.8,9.74,9.84,9.88,9.87,9.41,9.9,9.91,9.93
2011-05,9.83,9.99,10.13,10.13,10.13,10.09,10.03,10.13,10.17,10.16,9.72,10.17,10.19,10.2
2011-06,10.96,11.17,11.34,11.35,11.35,11.31,11.22,11.35,11.4,11.39,10.84,11.4,11.42,11.45
2011-07,12.49,12.71,12.9,12.9,12.89,12.84,12.76,12.89,12.94,12.92,12.33,12.94,12.96,12.98
2011-08,12.49,12.66,12.81,12.83,12.84,12.81,12.72,12.83,12.88,12.89,12.41,12.88,12.91,12.94
2011-09,12.94,13.06,13.17,13.18,13.17,13.15,13.11,13.19,13.23,13.23,12.86,13.25,13.27,13.29
2011-10,12.07,12.2,12.32,12.32,12.3,12.27,12.25,12.33,12.36,12.35,11.98,12.39,12.4,12.41
2011-11,10.46,10.65,10.8,10.8,10.78,10.73,10.69,10.79,10.83,10.81,10.33,10.84,10.85,10.87
2011-12,8.07,8.28,8.45,8.45,8.42,8.34,8.3,8.41,8.44,8.39,7.89,8.43,8.43,8.41
2012-01,8.17,8.34,8.48,8.47,8.42,8.34,8.35,8.44,8.45,8.4,7.98,8.47,8.45,8.44
2012-02,9.23,9.35,9.43,9.41,9.35,9.28,9.33,9.38,9.37,9.32,9.03,9.41,9.37,9.35
2012-03,9.09,9.18,9.25,9.24,9.22,9.18,9.19,9.24,9.24,9.22,8.98,9.27,9.26,9.25
2012-04,7.43,7.58,7.72,7.72,7.73,7.7,7.63,7.73,7.77,7.78,7.35,7.78,7.8,7.83
2012-05,9.81,9.96,10.08,10.08,10.06,10.01,9.99,10.07,10.09,10.07,9.7,10.1,10.1,10.1
2012-06,11.57,11.84,12.06,12.07,12.07,12,11.9,12.05,12.11,12.09,11.41,12.1,12.13,12.14
2012-07,12.52,12.87,13.16,13.17,13.16,13.07,12.93,13.13,13.2,13.17,12.3,13.17,13.21,13.22
2012-08,13.86,14.24,14.57,14.58,14.56,14.44,14.31,14.52,14.59,14.54,13.6,14.56,14.59,14.6
2012-09,11.52,11.77,11.97,11.97,11.95,11.87,11.81,11.94,11.98,11.95,11.34,11.98,11.99,12
2012-10,9.22,9.46,9.67,9.67,9.64,9.56,9.51,9.64,9.68,9.65,9.04,9.68,9.69,9.7
2012-11,8.2,8.38,8.54,8.54,8.51,8.44,8.41,8.51,8.53,8.49,8.05,8.53,8.53,8.52
2012-12,7.72,7.93,8.11,8.11,8.08,8,7.96,8.08,8.1,8.06,7.55,8.11,8.11,8.1
2013-01,7.82,8.05,8.23,8.23,8.19,8.09,8.07,8.18,8.2,8.16,7.62,8.21,8.2,8.19
2013-02,6.97,7.17,7.33,7.33,7.28,7.19,7.18,7.28,7.29,7.24,6.78,7.3,7.28,7.27
2013-03,6.15,6.34,6.51,6.51,6.47,6.39,6.36,6.46,6.48,6.44,5.99,6.48,6.47,6.46
2013-04,7.52,7.64,7.73,7.73,7.7,7.64,7.65,7.7,7.7,7.67,7.43,7.71,7.7,7.69
2013-05,9.48,9.63,9.75,9.75,9.72,9.67,9.64,9.72,9.74,9.71,9.33,9.75,9.74,9.73
2013-06,11.77,11.96,12.11,12.11,12.08,12.01,11.98,12.08,12.09,12.06,11.61,12.1,12.09,12.09
2013-07,15.76,15.92,16.04,16.02,15.99,15.92,15.92,16,16,15.96,15.6,16.02,16,15.99
2013-08,14.06,14.25,14.4,14.4,14.38,14.31,14.28,14.38,14.4,14.36,13.91,14.4,14.4,14.39
2013-09,12.54,12.73,12.89,12.88,12.84,12.77,12.75,12.85,12.87,12.84,12.36,12.89,12.89,12.88
2013-10,11.59,11.84,12.05,12.06,12.04,11.96,11.89,12.03,12.08,12.05,11.41,12.08,12.1,12.11
2013-11,8.28,8.44,8.57,8.57,8.54,8.47,8.45,8.54,8.55,8.52,8.12,8.56,8.56,8.55
2013-12,8.39,8.56,8.7,8.69,8.67,8.62,8.58,8.67,8.69,8.66,8.25,8.69,8.69,8.69
2014-01,7.55,7.79,7.99,8,7.98,7.91,7.82,7.96,8,7.97,7.37,7.98,8,7.99
2014-02,7.55,7.75,7.91,7.92,7.9,7.84,7.77,7.88,7.91,7.88,7.39,7.9,7.91,7.91
2014-03,8.35,8.52,8.66,8.65,8.62,8.55,8.53,8.62,8.64,8.61,8.19,8.65,8.64,8.64
2014-04,9.23,9.45,9.63,9.63,9.61,9.54,9.48,9.6,9.64,9.61,9.05,9.64,9.65,9.66
2014-05,10.73,11.03,11.28,11.28,11.26,11.17,11.07,11.23,11.29,11.25,10.5,11.28,11.3,11.31
2014-06,12.32,12.63,12.9,12.91,12.9,12.81,12.68,12.86,12.92,12.89,12.09,12.89,12.92,12.93
2014-07,14.39,14.62,14.8,14.79,14.75,14.66,14.64,14.76,14.78,14.73,14.18,14.79,14.78,14.77
2014-08,12.34,12.56,12.75,12.76,12.74,12.67,12.6,12.72,12.76,12.73,12.17,12.75,12.76,12.76
2014-09,13.23,13.4,13.54,13.54,13.5,13.43,13.42,13.51,13.52,13.48,13.07,13.53,13.52,13.5
2014-10,11.17,11.41,11.61,11.61,11.58,11.51,11.45,11.58,11.62,11.58,11,11.62,11.62,11.62
2014-11,9.62,9.84,10.02,10.02,10,9.93,9.86,9.98,10.01,9.98,9.45,10,10.01,10.01
2014-12,8.36,8.47,8.56,8.55,8.52,8.47,8.48,8.53,8.53,8.5,8.25,8.54,8.53,8.51