1961-01,85.8,85.83,85.87,86.02,86.04,86.11,85.93,85.97,86.21,86.24,85.92,85.94,86.3,86.36
1961-02,88.55,88.5,88.42,88.41,88.27,88.24,88.54,88.5,88.53,88.41,88.53,88.47,88.62,88.57
1961-03,85.42,85.32,85.18,85.15,84.95,84.89,85.29,85.21,85.2,85.05,85.26,85.16,85.29,85.2
1961-04,85.31,85.37,85.37,85.44,85.36,85.41,85.49,85.56,85.6,85.55,85.46,85.51,85.67,85.7
1961-05,79.83,79.77,79.7,79.65,79.46,79.42,79.76,79.72,79.65,79.54,79.68,79.62,79.68,79.6
1961-06,78.63,78.61,78.59,78.59,78.43,78.45,78.67,78.67,78.63,78.64,78.63,78.62,78.7,78.68
1961-07,84.76,84.67,84.49,84.42,84.16,84.07,84.56,84.48,84.36,84.18,84.47,84.37,84.39,84.28
1961-08,84.28,84.24,84.14,84.14,83.9,83.74,84.19,84.15,84.16,84.09,84.21,84,84.19,84.16
1961-09,87.69,87.6,87.43,87.37,87.1,86.92,87.5,87.41,87.34,87.19,87.52,87.29,87.37,87.29
1961-10,89.2,89.11,88.96,88.89,88.64,88.47,89.07,89,88.91,88.77,89.14,88.92,88.98,88.9
1961-11,89.06,89.04,88.98,89,88.84,88.73,89,89,89.03,88.98,88.99,88.85,89.04,89.04
1961-12,83.8,83.9,84.03,84.26,84.36,84.51,84.06,84.17,84.5,84.62,84.03,84.13,84.57,84.71
1962-01,86.01,86.03,86.06,86.19,86.19,86.25,86.1,86.13,86.35,86.37,86.08,86.09,86.43,86.48
1962-02,86.64,86.48,86.29,86.17,85.92,85.79,86.38,86.22,86.14,85.92,86.32,86.16,86.2,86.04
1962-03,81.84,81.77,81.65,81.62,81.41,81.33,81.65,81.57,81.56,81.39,81.52,81.43,81.55,81.45
1962-04,80.65,80.6,80.49,80.45,80.26,80.21,80.6,80.56,80.5,80.35,80.56,80.5,80.56,80.49
1962-05,77.79,77.81,77.8,77.81,77.69,77.71,77.86,77.88,77.88,77.83,77.79,77.79,77.91,77.9
1962-06,77.18,77.14,77.1,77.06,76.87,76.86,77.13,77.11,77.04,77.02,77.07,77.02,77.09,77.03
1962-07,83.61,83.52,83.34,83.26,83,82.91,83.4,83.32,83.2,83.01,83.32,83.21,83.23,83.12
1962-08,82.93,82.94,82.88,82.93,82.73,82.62,82.95,82.96,83.01,82.99,82.99,82.82,83.06,83.08
1962-09,85.67,85.66,85.56,85.58,85.39,85.27,85.62,85.61,85.62,85.54,85.64,85.49,85.64,85.63
1962-10,88.06,88.03,87.94,87.93,87.75,87.63,88.02,88.01,87.99,87.9,88.04,87.9,88.01,88
1962-11,89.5,89.49,89.43,89.45,89.29,89.18,89.44,89.44,89.47,89.41,89.42,89.28,89.47,89.47
1962-12,84.08,84.14,84.21,84.38,84.42,84.51,84.19,84.24,84.51,84.56,84.12,84.16,84.54,84.61
1963-01,78.29,78.48,78.67,78.96,79.11,79.32,78.67,78.84,79.22,79.37,78.59,78.76,79.25,79.44
1963-02,81.16,81.22,81.24,81.33,81.27,81.32,81.31,81.36,81.47,81.43,81.26,81.29,81.53,81.55
1963-03,84.36,84.32,84.25,84.27,84.12,84.11,84.36,84.34,84.38,84.28,84.34,84.3,84.48,84.45
1963-04,80.05,80.09,80.05,80.09,79.99,80.02,80.16,80.2,80.22,80.15,80.12,80.14,80.28,80.29
1963-05,79.94,79.87,79.78,79.72,79.52,79.47,79.88,79.83,79.75,79.64,79.85,79.77,79.82,79.74
1963-06,78.45,78.5,78.54,78.59,78.49,78.56,78.6,78.66,78.67,78.73,78.55,78.58,78.73,78.75
1963-07,81.28,81.33,81.29,81.35,81.21,81.26,81.38,81.43,81.45,81.39,81.32,81.35,81.51,81.52
1963-08,84.37,84.39,84.35,84.42,84.23,84.14,84.4,84.43,84.49,84.48,84.42,84.27,84.53,84.55
1963-09,86.55,86.45,86.29,86.23,85.98,85.8,86.37,86.29,86.23,86.08,86.4,86.18,86.27,86.2
1963-10,90.32,90.19,90,89.89,89.61,89.4,90.13,90.02,89.9,89.73,90.2,89.96,89.98,89.87
1963-11,89.96,89.94,89.87,89.88,89.71,89.58,89.92,89.9,89.93,89.85,89.93,89.78,89.95,89.94
1963-12,80.04,80.13,80.24,80.44,80.51,80.62,80.2,80.28,80.58,80.66,80.11,80.19,80.6,80.7
1964-01,84.77,84.79,84.82,84.95,84.94,85,84.84,84.86,85.08,85.09,84.79,84.8,85.14,85.19
1964-02,82.71,82.71,82.68,82.72,82.62,82.62,82.76,82.76,82.83,82.74,82.7,82.69,82.88,82.87
1964-03,84.18,84.16,84.09,84.1,83.94,83.91,84.12,84.1,84.12,84,84.03,83.99,84.15,84.1
1964-04,80.5,80.5,80.44,80.45,80.32,80.32,80.52,80.53,80.53,80.43,80.45,80.44,80.56,80.54
1964-05,78.68,78.69,78.67,78.68,78.55,78.57,78.76,78.77,78.77,78.72,78.7,78.7,78.82,78.81
1964-06,78.95,78.99,79.03,79.07,78.95,79.01,79.06,79.11,79.11,79.16,78.99,79.02,79.16,79.17
1964-07,82.26,82.21,82.08,82.04,81.81,81.76,82.12,82.08,82,81.85,82.02,81.95,82.01,81.94
1964-08,84.52,84.47,84.36,84.36,84.12,83.96,84.41,84.37,84.37,84.3,84.43,84.21,84.4,84.37
1964-09,87.33,87.21,87.01,86.92,86.63,86.41,87.1,86.98,86.88,86.71,87.14,86.88,86.93,86.83
1964-10,89.15,89.13,89.03,89,88.8,88.66,89.08,89.05,89.01,88.91,89.07,88.91,89.01,88.98
1964-11,88.57,88.56,88.5,88.54,88.38,88.28,88.57,88.57,88.61,88.56,88.59,88.46,88.65,88.66
1964-12,85.18,85.21,85.27,85.42,85.45,85.53,85.26,85.3,85.56,85.61,85.21,85.23,85.6,85.67
1965-01,84.79,84.84,84.89,85.04,85.06,85.14,84.88,84.92,85.17,85.2,84.8,84.84,85.2,85.26
1965-02,85.08,85.04,84.97,84.97,84.83,84.79,84.99,84.95,84.98,84.86,84.87,84.82,84.97,84.92
1965-03,82.78,82.74,82.66,82.68,82.52,82.51,82.76,82.73,82.77,82.66,82.73,82.68,82.85,82.81
1965-04,81.34,81.28,81.15,81.09,80.89,80.82,81.23,81.17,81.1,80.93,81.17,81.09,81.13,81.04
1965-05,80.72,80.68,80.62,80.59,80.41,80.39,80.71,80.68,80.62,80.53,80.65,80.6,80.67,80.62
1965-06,83.87,83.79,83.7,83.62,83.38,83.33,83.74,83.67,83.55,83.49,83.67,83.58,83.6,83.5
1965-07,83.36,83.36,83.28,83.29,83.1,83.08,83.32,83.32,83.28,83.16,83.21,83.19,83.28,83.24
1965-08,84.71,84.62,84.47,84.41,84.1,83.88,84.49,84.39,84.33,84.19,84.48,84.21,84.34,84.24
1965-09,87.89,87.86,87.75,87.75,87.55,87.42,87.81,87.78,87.77,87.68,87.81,87.65,87.79,87.77
1965-10,89.86,89.82,89.71,89.68,89.47,89.33,89.79,89.75,89.7,89.6,89.81,89.64,89.73,89.69
1965-11,85.63,85.64,85.58,85.61,85.45,85.34,85.6,85.6,85.64,85.58,85.59,85.45,85.64,85.64
1965-12,86.91,86.93,86.98,87.13,87.16,87.24,87.02,87.06,87.32,87.37,87.02,87.04,87.41,87.48
1966-01,83.93,83.97,84.02,84.18,84.19,84.27,84.05,84.09,84.33,84.36,84,84.04,84.39,84.45
1966-02,87.36,87.36,87.32,87.35,87.24,87.24,87.43,87.42,87.48,87.39,87.4,87.38,87.56,87.54
1966-03,86.04,85.93,85.78,85.72,85.49,85.39,85.78,85.68,85.64,85.45,85.65,85.53,85.63,85.51
1966-04,80.95,80.97,80.92,80.94,80.81,80.81,81.04,81.06,81.06,80.96,81.02,81.02,81.14,81.12
1966-05,77.95,77.92,77.86,77.82,77.65,77.62,77.91,77.89,77.84,77.75,77.84,77.79,77.87,77.81
1966-06,85.51,85.48,85.45,85.42,85.24,85.23,85.46,85.45,85.38,85.35,85.37,85.34,85.4,85.34
1966-07,83.1,83.03,82.87,82.81,82.55,82.47,82.88,82.81,82.71,82.52,82.75,82.66,82.69,82.58
1966-08,81.63,81.72,81.73,81.85,81.71,81.65,81.76,81.83,81.94,81.97,81.75,81.65,81.95,82.02
1966-09,86.78,86.78,86.71,86.74,86.56,86.45,86.76,86.76,86.78,86.71,86.76,86.63,86.79,86.8
1966-10,86.07,86.14,86.13,86.21,86.1,86.05,86.18,86.25,86.3,86.29,86.17,86.11,86.29,86.35
1966-11,84.43,84.48,84.48,84.57,84.47,84.42,84.51,84.56,84.66,84.66,84.49,84.42,84.67,84.73
1966-12,87.89,87.89,87.9,88.02,88.01,88.06,87.92,87.92,88.14,88.15,87.88,87.87,88.21,88.24
1967-01,86.81,86.82,86.85,86.98,86.98,87.03,86.83,86.86,87.08,87.09,86.75,86.76,87.1,87.14
1967-02,84.55,84.58,84.59,84.65,84.58,84.61,84.63,84.66,84.76,84.7,84.55,84.56,84.78,84.79
1967-03,84.67,84.57,84.43,84.37,84.14,84.04,84.41,84.31,84.27,84.08,84.26,84.15,84.25,84.13
1967-04,82.17,82.12,82,81.95,81.76,81.69,82.06,82.01,81.95,81.78,81.98,81.91,81.96,81.88
1967-05,79.26,79.4,79.5,79.62,79.61,79.73,79.57,79.7,79.8,79.86,79.5,79.61,79.84,79.93
1967-06,80.73,80.72,80.7,80.69,80.52,80.52,80.73,80.73,80.67,80.66,80.66,80.63,80.71,80.67
1967-07,83.65,83.58,83.43,83.39,83.15,83.1,83.52,83.47,83.38,83.23,83.46,83.38,83.43,83.35
1967-08,84.42,84.42,84.36,84.41,84.21,84.09,84.41,84.42,84.46,84.43,84.43,84.26,84.49,84.5
1967-09,88.24,88.21,88.11,88.11,87.9,87.77,88.15,88.12,88.11,88.02,88.14,87.98,88.11,88.09
1967-10,87.97,87.91,87.79,87.74,87.52,87.37,87.87,87.82,87.76,87.64,87.89,87.71,87.79,87.74
1967-11,89.28,89.29,89.25,89.3,89.15,89.07,89.28,89.29,89.35,89.31,89.26,89.14,89.35,89.37
1967-12,86.59,86.56,86.55,86.64,86.61,86.62,86.53,86.5,86.7,86.68,86.47,86.43,86.73,86.73
1968-01,88.29,88.22,88.16,88.2,88.11,88.09,88.17,88.1,88.24,88.16,88.1,88.03,88.28,88.24
1968-02,84.77,84.85,84.9,85.01,84.98,85.05,84.89,84.97,85.1,85.08,84.75,84.81,85.07,85.12
1968-03,84.93,84.87,84.77,84.77,84.59,84.56,84.8,84.75,84.76,84.64,84.68,84.62,84.77,84.71
1968-04,79.9,79.87,79.77,79.74,79.57,79.52,79.83,79.8,79.75,79.6,79.74,79.69,79.76,79.7
1968-05,78.55,78.64,78.7,78.77,78.7,78.78,78.75,78.84,78.89,78.9,78.68,78.74,78.92,78.96
1968-06,80.1,80.1,80.08,80.08,79.92,79.94,80.14,80.15,80.11,80.11,80.1,80.09,80.17,80.15
1968-07,80.85,80.93,80.92,81.02,80.91,80.98,80.98,81.07,81.11,81.09,80.89,80.95,81.14,81.18
1968-08,84.77,84.72,84.62,84.62,84.37,84.21,84.68,84.64,84.64,84.56,84.72,84.5,84.69,84.65
1968-09,89.96,89.88,89.73,89.67,89.41,89.22,89.76,89.68,89.61,89.46,89.76,89.54,89.62,89.53
1968-10,93.2,93.12,92.97,92.9,92.65,92.46,93.06,92.98,92.89,92.74,93.09,92.88,92.93,92.85
1968-11,85.01,85.03,84.99,85.04,84.9,84.81,85.08,85.1,85.16,85.12,85.14,85.02,85.23,85.25
1968-12,83.08,83.17,83.27,83.48,83.55,83.66,83.27,83.35,83.65,83.74,83.22,83.29,83.7,83.81
1969-01,88.67,88.7,88.74,88.88,88.88,88.94,88.73,88.76,88.99,89,88.66,88.68,89.02,89.06
1969-02,82.79,82.89,82.94,83.05,83.02,83.09,82.9,82.98,83.11,83.09,82.74,82.8,83.06,83.11
1969-03,80.88,80.96,80.98,81.08,81.01,81.06,80.96,81.02,81.14,81.1,80.81,80.86,81.11,81.14
1969-04,79.86,79.81,79.69,79.64,79.45,79.39,79.76,79.71,79.64,79.47,79.67,79.6,79.65,79.57
1969-05,81.37,81.48,81.55,81.64,81.59,81.67,81.56,81.66,81.73,81.75,81.44,81.53,81.72,81.77
1969-06,80.48,80.38,80.27,80.16,79.88,79.77,80.21,80.11,79.95,79.83,80.07,79.94,79.92,79.77
1969-07,84.02,83.89,83.68,83.56,83.25,83.12,83.71,83.59,83.43,83.2,83.59,83.45,83.43,83.28
1969-08,84.52,84.5,84.43,84.46,84.24,84.11,84.49,84.47,84.5,84.46,84.51,84.33,84.55,84.54
1969-09,84.66,84.69,84.64,84.7,84.56,84.48,84.71,84.74,84.79,84.76,84.73,84.62,84.82,84.86
1969-10,89.42,89.33,89.18,89.11,88.87,88.69,89.26,89.19,89.11,88.97,89.29,89.08,89.14,89.07
1969-11,88.42,88.36,88.23,88.2,87.98,87.81,88.22,88.16,88.14,88.02,88.18,87.98,88.11,88.05
1969-12,85.08,85.14,85.22,85.4,85.45,85.54,85.21,85.26,85.54,85.61,85.14,85.19,85.58,85.67
1970-01,87.49,87.53,87.58,87.74,87.75,87.82,87.6,87.64,87.88,87.91,87.56,87.59,87.94,88
1970-02,84.16,84.17,84.14,84.19,84.09,84.1,84.13,84.14,84.21,84.13,83.99,83.98,84.18,84.17
1970-03,82.4,82.39,82.35,82.39,82.26,82.27,82.34,82.34,82.41,82.32,82.21,82.19,82.39,82.37
1970-04,78.86,78.91,78.89,78.95,78.85,78.89,78.95,79,79.03,78.97,78.85,78.89,79.04,79.05
1970-05,82.4,82.32,82.22,82.14,81.93,81.87,82.29,82.23,82.14,82.01,82.23,82.15,82.18,82.09
1970-06,78.81,78.74,78.66,78.58,78.34,78.28,78.66,78.59,78.47,78.4,78.56,78.48,78.49,78.38
1970-07,84.71,84.65,84.5,84.44,84.18,84.09,84.49,84.42,84.31,84.12,84.33,84.25,84.28,84.17
1970-08,86.17,86.11,85.98,85.95,85.67,85.47,85.96,85.9,85.87,85.76,85.92,85.68,85.84,85.77
1970-09,89.46,89.34,89.15,89.06,88.77,88.54,89.18,89.07,88.97,88.78,89.17,88.92,88.97,88.86
1970-10,89.84,89.76,89.6,89.53,89.27,89.08,89.67,89.59,89.5,89.34,89.69,89.48,89.52,89.43
1970-11,89.47,89.42,89.31,89.29,89.07,88.92,89.35,89.3,89.28,89.17,89.35,89.16,89.3,89.26
1970-12,80.05,80.17,80.31,80.54,80.63,80.77,80.25,80.36,80.69,80.79,80.15,80.25,80.69,80.82
1971-01,84.98,85.04,85.11,85.28,85.32,85.42,85.13,85.19,85.46,85.51,85.08,85.14,85.52,85.6
1971-02,87.96,87.91,87.83,87.81,87.66,87.62,87.88,87.84,87.85,87.72,87.81,87.74,87.88,87.82
1971-03,84.9,84.85,84.76,84.77,84.59,84.56,84.8,84.76,84.78,84.66,84.71,84.65,84.81,84.75
1971-04,79.66,79.62,79.52,79.49,79.31,79.26,79.59,79.55,79.5,79.35,79.51,79.45,79.52,79.45
1971-05,80.14,80.02,79.87,79.74,79.47,79.34,79.9,79.78,79.62,79.43,79.79,79.65,79.63,79.47
1971-06,77.23,77.3,77.36,77.43,77.33,77.4,77.37,77.45,77.46,77.52,77.29,77.34,77.49,77.52
1971-07,83.2,83.09,82.89,82.79,82.5,82.39,82.93,82.83,82.68,82.47,82.82,82.69,82.69,82.55
1971-08,83.94,83.98,83.97,84.07,83.91,83.83,84.02,84.07,84.16,84.17,84.03,83.91,84.19,84.24
1971-09,87.56,87.47,87.31,87.25,86.98,86.79,87.35,87.27,87.2,87.04,87.36,87.13,87.21,87.13
1971-10,88.52,88.44,88.29,88.21,87.96,87.76,88.36,88.28,88.19,88.03,88.39,88.17,88.21,88.13
1971-11,90.39,90.24,90.03,89.91,89.61,89.36,90.06,89.91,89.8,89.6,90.05,89.76,89.81,89.67
1971-12,85.59,85.55,85.53,85.61,85.56,85.57,85.53,85.49,85.67,85.64,85.47,85.43,85.72,85.71
1972-01,83.36,83.45,83.55,83.76,83.83,83.95,83.58,83.68,83.97,84.05,83.54,83.63,84.04,84.15
1972-02,83.7,83.8,83.86,83.99,83.98,84.07,83.91,84.01,84.16,84.17,83.83,83.91,84.19,84.27
1972-03,84.23,84.24,84.2,84.26,84.14,84.15,84.26,84.27,84.34,84.26,84.19,84.18,84.38,84.37
1972-04,83.32,83.2,83.02,82.91,82.65,82.52,83.05,82.94,82.8,82.57,82.94,82.8,82.79,82.64
1972-05,81.97,81.92,81.85,81.79,81.6,81.55,81.91,81.86,81.79,81.67,81.84,81.77,81.82,81.73
1972-06,80.39,80.43,80.45,80.47,80.33,80.36,80.47,80.5,80.47,80.49,80.38,80.4,80.51,80.49
1972-07,85.6,85.46,85.24,85.11,84.79,84.65,85.29,85.15,84.98,84.74,85.19,85.03,85,84.84
1972-08,85.29,85.17,84.98,84.9,84.57,84.32,85.02,84.89,84.81,84.65,85.02,84.73,84.83,84.71
1972-09,83.14,83.06,82.91,82.86,82.6,82.41,82.92,82.84,82.78,82.63,82.89,82.67,82.76,82.68
1972-10,86.05,85.97,85.82,85.75,85.5,85.3,85.87,85.79,85.7,85.54,85.86,85.65,85.7,85.62
1972-11,87.12,87.14,87.11,87.17,87.04,86.97,87.15,87.17,87.24,87.22,87.14,87.03,87.25,87.28
1972-12,85.91,85.93,85.97,86.11,86.12,86.18,85.98,86,86.24,86.26,85.93,85.94,86.29,86.34
1973-01,87.57,87.6,87.65,87.8,87.81,87.89,87.66,87.7,87.94,87.96,87.6,87.63,87.98,88.04
1973-02,89.93,89.82,89.69,89.63,89.42,89.33,89.72,89.62,89.58,89.4,89.62,89.5,89.59,89.48
1973-03,83.86,83.74,83.58,83.51,83.26,83.16,83.58,83.46,83.41,83.21,83.45,83.32,83.4,83.27
1973-04,77.7,77.7,77.63,77.63,77.49,77.48,77.69,77.69,77.68,77.56,77.6,77.58,77.68,77.65
1973-05,78.61,78.68,78.71,78.76,78.67,78.72,78.76,78.82,78.85,78.83,78.68,78.72,78.87,78.89
1973-06,79.57,79.49,79.4,79.31,79.05,78.97,79.35,79.27,79.14,79.04,79.21,79.11,79.11,78.99
1973-07,83.05,83.05,82.96,82.97,82.78,82.77,83,83,82.96,82.85,82.88,82.86,82.96,82.93
1973-08,81.66,81.65,81.58,81.62,81.4,81.26,81.63,81.62,81.65,81.6,81.64,81.46,81.68,81.67
1973-09,84.78,84.75,84.64,84.63,84.41,84.27,84.7,84.66,84.64,84.54,84.71,84.54,84.67,84.64
1973-10,86.04,86.05,85.98,85.99,85.83,85.72,86.04,86.05,86.04,85.97,86.05,85.92,86.05,86.06
1973-11,86.84,86.76,86.63,86.59,86.36,86.18,86.67,86.59,86.56,86.43,86.67,86.46,86.57,86.5
1973-12,84.93,84.92,84.94,85.05,85.03,85.07,84.9,84.9,85.12,85.12,84.82,84.81,85.14,85.16
1974-01,85.38,85.31,85.23,85.26,85.16,85.11,85.24,85.16,85.29,85.19,85.19,85.1,85.34,85.28
1974-02,87.81,87.78,87.72,87.72,87.58,87.55,87.74,87.7,87.73,87.61,87.62,87.58,87.73,87.68
1974-03,80.72,80.75,80.74,80.82,80.72,80.75,80.79,80.82,80.91,80.85,80.7,80.71,80.95,80.96
1974-04,73.35,73.41,73.4,73.47,73.38,73.43,73.43,73.49,73.54,73.48,73.31,73.36,73.52,73.55
1974-05,78.46,78.38,78.28,78.19,77.96,77.88,78.33,78.26,78.15,78,78.26,78.16,78.18,78.06
1974-06,78.8,78.71,78.61,78.51,78.25,78.17,78.61,78.52,78.38,78.28,78.5,78.4,78.39,78.26
1974-07,82.59,82.57,82.45,82.44,82.22,82.19,82.51,82.49,82.43,82.29,82.42,82.38,82.45,82.39
1974-08,81.73,81.7,81.61,81.62,81.39,81.24,81.64,81.61,81.62,81.56,81.64,81.44,81.64,81.62
1974-09,82.98,83.03,83,83.08,82.95,82.89,83.06,83.11,83.18,83.16,83.08,82.99,83.2,83.25
1974-10,85.67,85.61,85.47,85.42,85.19,85.02,85.54,85.48,85.41,85.28,85.56,85.36,85.43,85.37
1974-11,89.12,89.09,89,89,88.8,88.67,89.04,89.01,89.02,88.93,89.05,88.88,89.04,89.01
1974-12,88.71,88.56,88.44,88.42,88.27,88.17,88.45,88.31,88.39,88.26,88.4,88.25,88.45,88.33
1975-01,87.19,87.14,87.1,87.15,87.07,87.06,87.11,87.06,87.21,87.14,87.06,87,87.26,87.23
1975-02,86.38,86.43,86.45,86.52,86.46,86.5,86.51,86.56,86.66,86.61,86.45,86.48,86.71,86.73
1975-03,75.13,75.22,75.26,75.39,75.35,75.44,75.28,75.37,75.52,75.52,75.17,75.24,75.53,75.6
1975-04,79.23,79.28,79.26,79.31,79.22,79.25,79.29,79.34,79.37,79.3,79.17,79.2,79.35,79.36
1975-05,69.99,70.01,70,70.01,69.88,69.88,70,70.02,70.01,69.95,69.87,69.87,69.99,69.97
1975-06,79.73,79.42,79.1,78.78,78.3,77.99,79.03,78.72,78.36,78.05,78.87,78.54,78.32,77.97
1975-07,83.53,83.36,83.09,82.92,82.56,82.37,83.08,82.91,82.69,82.4,82.92,82.73,82.65,82.45
1975-08,85.87,85.69,85.46,85.32,84.93,84.63,85.47,85.29,85.16,84.94,85.46,85.11,85.17,84.99
1975-09,82.92,82.89,82.79,82.79,82.59,82.45,82.82,82.79,82.78,82.69,82.8,82.64,82.78,82.75
1975-10,85.43,85.44,85.36,85.37,85.19,85.08,85.41,85.41,85.4,85.32,85.4,85.27,85.4,85.39
1975-11,89.88,89.8,89.67,89.62,89.39,89.22,89.7,89.63,89.59,89.47,89.7,89.49,89.61,89.54
1975-12,84.76,84.85,84.96,85.17,85.25,85.38,84.92,85.01,85.32,85.42,84.83,84.91,85.33,85.45
1976-01,85.79,85.74,85.69,85.74,85.66,85.64,85.69,85.63,85.78,85.71,85.62,85.55,85.81,85.78
1976-02,86.4,86.4,86.38,86.42,86.32,86.33,86.44,86.45,86.52,86.43,86.37,86.36,86.56,86.54
1976-03,83.51,83.46,83.36,83.34,83.16,83.11,83.39,83.34,83.34,83.2,83.3,83.22,83.37,83.29
1976-04,80.36,80.33,80.23,80.2,80.02,79.98,80.23,80.2,80.15,80,80.08,80.04,80.1,80.04
1976-05,85.4,85.37,85.31,85.26,85.08,85.04,85.37,85.33,85.26,85.16,85.29,85.24,85.29,85.22
1976-06,86.15,85.99,85.82,85.65,85.32,85.16,85.8,85.64,85.43,85.25,85.68,85.5,85.42,85.22
1976-07,85.07,84.79,84.43,84.17,83.72,83.45,84.47,84.2,83.9,83.52,84.36,84.07,83.9,83.6
1976-08,82.03,81.67,81.26,80.95,80.4,79.93,81.27,80.92,80.61,80.24,81.25,80.73,80.62,80.28
1976-09,84.96,84.88,84.71,84.66,84.4,84.21,84.78,84.7,84.64,84.49,84.81,84.59,84.67,84.59
1976-10,85.46,85.51,85.5,85.56,85.44,85.38,85.56,85.62,85.66,85.64,85.58,85.5,85.68,85.73
1976-11,87.22,87.27,87.26,87.34,87.23,87.18,87.3,87.35,87.44,87.43,87.29,87.21,87.45,87.5
1976-12,81.13,81.36,81.62,81.97,82.19,82.45,81.58,81.81,82.26,82.5,81.5,81.72,82.28,82.53
1977-01,83.73,83.83,83.92,84.13,84.19,84.32,83.94,84.03,84.32,84.4,83.89,83.97,84.38,84.49
1977-02,84.91,84.98,85.03,85.13,85.1,85.16,85.09,85.16,85.29,85.27,85.01,85.07,85.33,85.38
1977-03,80.76,80.82,80.83,80.93,80.85,80.91,80.85,80.9,81.02,80.98,80.73,80.77,81.03,81.06
1977-04,79,79,78.94,78.94,78.8,78.78,78.95,78.95,78.94,78.82,78.81,78.8,78.9,78.87
1977-05,75.32,75.22,75.09,74.98,74.73,74.62,75.05,74.95,74.82,74.65,74.88,74.77,74.77,74.63
1977-06,77.45,77.44,77.41,77.39,77.2,77.19,77.39,77.37,77.31,77.28,77.27,77.23,77.3,77.25
1977-07,83.84,83.67,83.42,83.26,82.91,82.74,83.44,83.27,83.07,82.8,83.31,83.13,83.06,82.87
1977-08,79.41,79.42,79.38,79.44,79.25,79.14,79.42,79.43,79.49,79.47,79.42,79.27,79.51,79.53
1977-09,84.19,84.16,84.05,84.05,83.84,83.69,84.09,84.06,84.04,83.94,84.08,83.91,84.05,84.02
1977-10,87.39,87.36,87.26,87.24,87.04,86.9,87.32,87.3,87.26,87.16,87.33,87.17,87.27,87.24
1977-11,85.27,85.26,85.2,85.23,85.06,84.95,85.21,85.21,85.24,85.18,85.19,85.05,85.23,85.23
1977-12,85.91,85.94,85.99,86.13,86.15,86.21,86,86.02,86.27,86.3,85.96,85.98,86.33,86.39
1978-01,81.69,81.81,81.93,82.16,82.25,82.39,81.89,82,82.32,82.41,81.77,81.88,82.31,82.44
1978-02,85.9,85.94,85.95,86.02,85.95,85.99,85.99,86.03,86.13,86.08,85.9,85.92,86.15,86.17
1978-03,85.29,85.25,85.16,85.17,84.99,84.96,85.16,85.12,85.14,85.01,85.02,84.97,85.13,85.07
1978-04,77.42,77.49,77.5,77.58,77.5,77.56,77.5,77.57,77.63,77.58,77.35,77.4,77.58,77.62
1978-05,79.25,79.19,79.11,79.05,78.84,78.78,79.13,79.07,78.99,78.87,79.01,78.94,78.98,78.89
1978-06,80.56,80.5,80.43,80.35,80.12,80.06,80.38,80.32,80.21,80.13,80.25,80.17,80.18,80.08
1978-07,84.84,84.78,84.62,84.57,84.32,84.25,84.65,84.59,84.49,84.32,84.53,84.45,84.49,84.4
1978-08,87.9,87.87,87.79,87.81,87.57,87.42,87.81,87.78,87.8,87.73,87.79,87.59,87.8,87.77
1978-09,89.15,89.08,88.93,88.88,88.63,88.44,88.93,88.86,88.8,88.66,88.89,88.68,88.77,88.7
1978-10,93.04,92.87,92.63,92.47,92.13,91.85,92.67,92.5,92.33,92.09,92.66,92.36,92.32,92.15
1978-11,90.22,90.18,90.08,90.07,89.87,89.73,90.11,90.07,90.07,89.98,90.11,89.93,90.08,90.05
1978-12,83.19,83.33,83.49,83.75,83.88,84.05,83.52,83.66,84.02,84.17,83.51,83.64,84.11,84.27
1979-01,83.73,83.87,84.02,84.28,84.41,84.6,84.02,84.17,84.52,84.66,83.94,84.08,84.55,84.73
1979-02,81.82,81.84,81.83,81.89,81.8,81.82,81.9,81.92,82.01,81.94,81.84,81.85,82.06,82.06
1979-03,79.54,79.66,79.73,79.89,79.88,80.01,79.75,79.87,80.05,80.08,79.63,79.73,80.05,80.15
1979-04,84.2,84.19,84.11,84.1,83.94,83.92,84.16,84.15,84.12,83.99,84.06,84.03,84.12,84.08
1979-05,81.01,81.15,81.25,81.38,81.37,81.5,81.3,81.44,81.54,81.61,81.2,81.32,81.56,81.66
1979-06,81.34,81.35,81.35,81.35,81.19,81.2,81.34,81.35,81.31,81.31,81.23,81.22,81.31,81.29
1979-07,87.17,87,86.73,86.57,86.21,86.02,86.73,86.56,86.35,86.06,86.57,86.38,86.31,86.1
1979-08,85.61,85.63,85.59,85.66,85.48,85.39,85.64,85.67,85.74,85.73,85.65,85.51,85.77,85.8
1979-09,87.5,87.45,87.32,87.3,87.08,86.93,87.38,87.34,87.31,87.2,87.4,87.22,87.34,87.3
1979-10,90.88,90.84,90.73,90.7,90.49,90.34,90.8,90.77,90.72,90.61,90.83,90.66,90.75,90.71
1979-11,90.21,90.18,90.09,90.11,89.93,89.81,90.12,90.09,90.12,90.05,90.1,89.94,90.12,90.11
1979-12,85.01,85.08,85.17,85.36,85.42,85.54,85.15,85.23,85.52,85.61,85.09,85.15,85.56,85.67
1980-01,85.07,85.19,85.32,85.55,85.65,85.8,85.3,85.42,85.75,85.86,85.21,85.33,85.77,85.91
1980-02,91.47,91.44,91.37,91.36,91.22,91.17,91.38,91.34,91.37,91.24,91.27,91.22,91.36,91.3
1980-03,82.37,82.46,82.49,82.62,82.58,82.68,82.54,82.62,82.77,82.78,82.45,82.52,82.8,82.88
1980-04,81.85,81.66,81.4,81.22,80.89,80.7,81.45,81.26,81.07,80.77,81.35,81.15,81.07,80.85
1980-05,71.59,71.52,71.42,71.35,71.14,71.07,71.5,71.44,71.34,71.21,71.45,71.37,71.4,71.3
1980-06,85.05,85.06,85.05,85.06,84.9,84.92,85.07,85.08,85.04,85.05,84.98,84.98,85.07,85.05
1980-07,82.12,82.12,82.04,82.05,81.87,81.88,82.09,82.1,82.07,81.97,81.99,81.98,82.09,82.07
1980-08,85.92,85.89,85.79,85.79,85.54,85.37,85.81,85.77,85.77,85.69,85.81,85.6,85.79,85.75
1980-09,88.01,87.98,87.88,87.88,87.67,87.54,87.91,87.88,87.87,87.78,87.9,87.74,87.87,87.85
1980-10,85.88,85.9,85.85,85.89,85.74,85.66,85.89,85.92,85.94,85.9,85.88,85.78,85.93,85.96
1980-11,85.31,85.26,85.16,85.14,84.93,84.77,85.14,85.09,85.09,84.98,85.09,84.91,85.05,85.01
1980-12,89.04,88.92,88.83,88.84,88.73,88.66,88.82,88.71,88.83,88.73,88.76,88.65,88.87,88.79
1981-01,88.62,88.55,88.49,88.54,88.44,88.41,88.49,88.42,88.56,88.47,88.41,88.34,88.58,88.54
1981-02,83.96,83.96,83.93,83.96,83.85,83.86,83.96,83.96,84.02,83.93,83.85,83.84,84.02,84.01
1981-03,87.36,87.31,87.21,87.2,87.01,86.96,87.26,87.2,87.21,87.07,87.18,87.11,87.25,87.18
1981-04,80.7,80.62,80.49,80.42,80.21,80.12,80.58,80.51,80.42,80.24,80.52,80.44,80.47,80.37
1981-05,81.55,81.56,81.54,81.55,81.43,81.46,81.63,81.65,81.64,81.6,81.57,81.58,81.7,81.69
1981-06,84.85,84.75,84.64,84.53,84.25,84.15,84.61,84.51,84.35,84.23,84.48,84.36,84.33,84.19
1981-07,87.46,87.29,87.02,86.85,86.49,86.3,87.05,86.88,86.67,86.38,86.94,86.74,86.67,86.46
1981-08,86.27,86.17,86.02,85.96,85.66,85.44,86.03,85.94,85.88,85.75,86.01,85.75,85.88,85.79
1981-09,87.64,87.51,87.31,87.21,86.92,86.71,87.35,87.23,87.13,86.96,87.34,87.09,87.14,87.04
1981-10,86.03,86.01,85.92,85.91,85.74,85.64,85.98,85.97,85.96,85.89,85.99,85.86,85.98,85.98
1981-11,90.53,90.42,90.26,90.18,89.91,89.69,90.28,90.17,90.1,89.93,90.26,90.01,90.1,89.98
1981-12,84.74,84.79,84.86,85.04,85.09,85.19,84.87,84.93,85.21,85.28,84.84,84.88,85.28,85.37
1982-01,88.66,88.65,88.65,88.74,88.69,88.7,88.67,88.65,88.83,88.78,88.62,88.59,88.88,88.87
1982-02,88.92,88.82,88.69,88.62,88.42,88.32,88.76,88.66,88.62,88.44,88.7,88.58,88.67,88.55
1982-03,84.31,84.21,84.06,84,83.76,83.65,84.07,83.97,83.92,83.72,83.96,83.83,83.93,83.8
1982-04,84.26,84.05,83.76,83.53,83.14,82.88,83.79,83.56,83.3,82.94,83.68,83.43,83.29,83.01
1982-05,79.18,79.03,78.85,78.69,78.37,78.2,78.87,78.72,78.53,78.29,78.77,78.59,78.52,78.32
1982-06,87.22,87.04,86.85,86.67,86.33,86.16,86.91,86.74,86.51,86.34,86.87,86.68,86.59,86.38
1982-07,83.52,83.37,83.13,82.99,82.66,82.51,83.21,83.07,82.89,82.63,83.14,82.98,82.93,82.76
1982-08,82.65,82.64,82.57,82.6,82.39,82.26,82.63,82.62,82.66,82.62,82.66,82.48,82.71,82.71
1982-09,86.28,86.19,86.02,85.96,85.7,85.51,86.11,86.02,85.95,85.8,86.14,85.92,86,85.92
1982-10,86.44,86.43,86.35,86.36,86.2,86.09,86.46,86.47,86.46,86.39,86.52,86.39,86.52,86.53
1982-11,86.8,86.79,86.73,86.77,86.61,86.52,86.77,86.77,86.82,86.77,86.78,86.64,86.84,86.85
1982-12,84.12,84.2,84.31,84.52,84.6,84.73,84.32,84.41,84.72,84.82,84.28,84.36,84.78,84.9
1983-01,84.72,84.67,84.62,84.68,84.6,84.58,84.65,84.6,84.75,84.68,84.61,84.55,84.81,84.78
1983-02,76.54,76.66,76.75,76.9,76.92,77.05,76.79,76.91,77.1,77.14,76.71,76.81,77.12,77.23
1983-03,86.43,86.39,86.3,86.3,86.12,86.09,86.33,86.29,86.31,86.18,86.24,86.18,86.33,86.27
1983-04,77.13,77.2,77.21,77.29,77.24,77.32,77.31,77.39,77.46,77.44,77.26,77.33,77.51,77.57
1983-05,78.04,78.16,78.25,78.37,78.34,78.45,78.35,78.47,78.56,78.61,78.32,78.42,78.63,78.71
1983-06,83.25,83.14,83.03,82.93,82.66,82.57,83.07,82.97,82.82,82.72,83,82.89,82.87,82.73
1983-07,82.42,82.27,82.04,81.89,81.55,81.38,82.05,81.9,81.71,81.44,81.91,81.74,81.68,81.49
1983-08,85.56,85.35,85.08,84.9,84.48,84.14,85.09,84.88,84.7,84.45,85.08,84.69,84.7,84.49
1983-09,85.17,85.14,85.04,85.04,84.83,84.69,85.11,85.08,85.06,84.96,85.13,84.96,85.1,85.07
1983-10,84.74,84.7,84.59,84.56,84.35,84.21,84.65,84.61,84.57,84.47,84.66,84.49,84.59,84.55
1983-11,90.41,90.33,90.19,90.14,89.9,89.72,90.25,90.17,90.13,89.99,90.27,90.05,90.17,90.09
1983-12,86.05,86.04,86.05,86.17,86.16,86.19,86.07,86.06,86.28,86.29,86.04,86.02,86.35,86.37
1984-01,82.28,82.33,82.4,82.58,82.65,82.79,82.44,82.52,82.81,82.9,82.41,82.48,82.88,83
1984-02,87.33,87.28,87.2,87.2,87.06,87.05,87.27,87.24,87.28,87.17,87.22,87.17,87.33,87.3
1984-03,80.04,80.08,80.08,80.17,80.1,80.17,80.13,80.18,80.3,80.28,80.05,80.09,80.34,80.39
1984-04,76.63,76.49,76.28,76.15,75.88,75.74,76.34,76.2,76.06,75.82,76.24,76.09,76.06,75.9
1984-05,73.4,73.3,73.18,73.09,72.86,72.78,73.23,73.15,73.04,72.89,73.15,73.05,73.07,72.95
1984-06,84.75,84.58,84.39,84.2,83.86,83.68,84.39,84.21,83.98,83.8,84.29,84.1,84,83.79
1984-07,83.55,83.28,82.92,82.67,82.22,81.96,82.97,82.71,82.41,82.05,82.86,82.58,82.43,82.14
1984-08,83.59,83.44,83.23,83.12,82.77,82.5,83.31,83.16,83.05,82.87,83.36,83.04,83.12,82.98
1984-09,85.52,85.42,85.25,85.19,84.93,84.74,85.31,85.23,85.16,85.01,85.33,85.11,85.19,85.11
1984-10,89.01,88.92,88.76,88.68,88.43,88.24,88.86,88.78,88.69,88.54,88.91,88.7,88.74,88.66
1984-11,87.62,87.64,87.61,87.67,87.55,87.48,87.7,87.73,87.81,87.79,87.76,87.65,87.88,87.92
1984-12,84.22,84.28,84.37,84.57,84.64,84.78,84.42,84.5,84.81,84.91,84.42,84.49,84.91,85.03
1985-01,80.15,80.3,80.47,80.75,80.92,81.16,80.55,80.73,81.12,81.31,80.57,80.74,81.25,81.47
1985-02,81.14,81.19,81.22,81.31,81.27,81.33,81.32,81.38,81.5,81.48,81.29,81.33,81.58,81.62
1985-03,82.1,82.14,82.12,82.14,81.96,81.89,82.08,82.06,82.08,81.92,81.91,81.88,82.04,81.96
1985-04,81.02,81.04,80.98,80.98,80.81,80.74,81.02,81.01,80.97,80.8,80.91,80.88,80.95,80.88
1985-05,79.79,79.68,79.54,79.44,79.21,79.14,79.67,79.58,79.47,79.32,79.67,79.55,79.57,79.46
1985-06,81.12,81.15,81.11,80.98,80.61,80.34,80.88,80.76,80.52,80.26,80.56,80.42,80.33,80.06
1985-07,86.64,86.53,86.33,86.23,85.94,85.83,86.39,86.29,86.15,85.94,86.31,86.18,86.18,86.05
1985-08,86.61,86.57,86.47,86.45,86.18,85.98,86.49,86.44,86.42,86.32,86.49,86.27,86.45,86.39
1985-09,88.78,88.73,88.61,88.59,88.38,88.24,88.68,88.64,88.62,88.52,88.71,88.53,88.65,88.61
1985-10,87.06,87.05,86.96,86.96,86.78,86.67,87.06,87.05,87.03,86.95,87.1,86.96,87.08,87.07
1985-11,82.59,82.64,82.64,82.75,82.71,82.75,82.76,82.85,83.01,83.1,82.85,82.81,83.12,83.27
1985-12,85.88,85.92,85.97,86.12,86.13,86.19,85.97,86,86.24,86.26,85.92,85.93,86.29,86.33
1986-01,85.95,86.11,86.2,86.31,86.21,86.1,86,86.01,86.16,86.03,85.75,85.75,86.03,85.98
1986-02,73.04,73.25,73.41,73.63,73.69,73.85,73.44,73.63,73.86,73.93,73.35,73.51,73.87,74.01
1986-03,83.22,83.21,83.13,83.12,82.9,82.79,83.1,83.05,83.03,82.84,82.95,82.87,83,82.89
1986-04,78.45,78.57,78.58,78.61,78.42,78.31,78.52,78.54,78.49,78.29,78.31,78.31,78.38,78.27
1986-05,82.52,82.43,82.3,82.17,81.87,81.7,82.3,82.17,82,81.76,82.16,82.02,81.97,81.77
1986-06,80.7,80.5,80.31,80.16,79.88,79.8,80.45,80.31,80.14,80.04,80.5,80.33,80.29,80.14
1986-07,85.66,85.53,85.31,85.2,84.89,84.78,85.41,85.28,85.13,84.91,85.35,85.21,85.19,85.05
1986-08,79.31,79.39,79.41,79.54,79.43,79.4,79.5,79.59,79.72,79.78,79.55,79.47,79.79,79.89
1986-09,82.35,82.32,82.21,82.21,82,81.85,82.26,82.22,82.21,82.1,82.25,82.08,82.22,82.18
1986-10,87.23,87.15,87,86.92,86.66,86.45,87.06,86.98,86.88,86.71,87.08,86.86,86.9,86.8
1986-11,86.84,86.77,86.64,86.6,86.35,86.16,86.68,86.6,86.56,86.41,86.67,86.46,86.57,86.49
1986-12,82.74,82.75,82.79,82.94,82.95,83.03,82.82,82.84,83.09,83.12,82.79,82.8,83.16,83.21
1987-01,82.92,82.97,83.03,83.2,83.24,83.36,83.06,83.12,83.4,83.47,83.03,83.08,83.48,83.59
1987-02,85.27,85.28,85.26,85.31,85.21,85.22,85.31,85.32,85.4,85.32,85.23,85.22,85.42,85.42
1987-03,84.7,84.66,84.56,84.53,84.3,84.19,84.57,84.49,84.46,84.26,84.45,84.35,84.46,84.34
1987-04,82.66,82.55,82.38,82.3,82.09,82.03,82.52,82.44,82.35,82.17,82.51,82.41,82.43,82.33
1987-05,79.71,79.61,79.48,79.37,79.12,79.01,79.51,79.41,79.28,79.1,79.4,79.28,79.27,79.13
1987-06,83.81,83.86,83.86,83.81,83.55,83.42,83.76,83.73,83.59,83.47,83.58,83.52,83.52,83.38
1987-07,84.5,84.35,84.13,84.04,83.79,83.75,84.23,84.14,84.03,83.88,84.18,84.07,84.09,84
1987-08,85.8,85.65,85.48,85.44,85.19,85.07,85.62,85.55,85.54,85.5,85.74,85.49,85.67,85.66
1987-09,82.72,82.7,82.59,82.58,82.34,82.16,82.63,82.58,82.54,82.39,82.61,82.43,82.53,82.45
1987-10,87.04,87.14,87.13,87.17,86.98,86.84,87.12,87.15,87.15,87.06,87.07,86.97,87.11,87.11
1987-11,87.4,87.38,87.3,87.31,87.11,86.96,87.33,87.3,87.3,87.2,87.32,87.15,87.31,87.27
1987-12,88.61,88.65,88.64,88.67,88.48,88.27,88.44,88.34,88.4,88.18,88.19,88.08,88.26,88.09
1988-01,84.67,84.68,84.7,84.82,84.81,84.86,84.73,84.74,84.95,84.95,84.69,84.69,85.02,85.05
1988-02,85.18,85.08,84.95,84.88,84.66,84.55,84.95,84.85,84.8,84.6,84.83,84.7,84.78,84.66
1988-03,89.07,88.86,88.6,88.42,88.06,87.81,88.65,88.42,88.24,87.9,88.55,88.3,88.26,87.98
1988-04,81.32,81.28,81.17,81.13,80.96,80.93,81.27,81.24,81.19,81.05,81.22,81.17,81.25,81.2
1988-05,78.44,78.55,78.55,78.5,78.21,77.99,78.4,78.35,78.2,77.95,78.13,78.06,78.05,77.86
1988-06,81.21,81.05,80.88,80.73,80.42,80.3,80.88,80.73,80.54,80.4,80.77,80.6,80.54,80.36
1988-07,81.75,81.76,81.67,81.69,81.5,81.49,81.72,81.72,81.69,81.58,81.61,81.59,81.7,81.66
1988-08,85.9,85.8,85.63,85.54,85.17,84.87,85.62,85.48,85.37,85.16,85.59,85.28,85.35,85.18
1988-09,84.51,84.33,84.11,84.03,83.78,83.62,84.25,84.14,84.07,83.93,84.34,84.08,84.15,84.06
1988-10,88.37,88.36,88.26,88.19,87.91,87.65,88.24,88.16,88.04,87.83,88.17,87.96,87.98,87.84
1988-11,86.04,86.03,85.97,86.01,85.86,85.77,86.06,86.07,86.12,86.07,86.12,85.98,86.18,86.2
1988-12,88.27,88.15,88.04,88.03,87.88,87.77,88.05,87.91,88,87.86,88,87.86,88.05,87.94
1989-01,86.44,86.35,86.26,86.25,86.09,85.99,86.24,86.13,86.2,86.05,86.16,86.04,86.23,86.12
1989-02,84.71,84.7,84.63,84.59,84.36,84.21,84.55,84.47,84.42,84.19,84.35,84.25,84.33,84.18
1989-03,84.55,84.59,84.53,84.5,84.24,84.05,84.41,84.33,84.27,84.01,84.16,84.07,84.15,83.97
1989-04,80.1,80.18,80.14,80.11,79.87,79.71,80.03,80,79.91,79.67,79.78,79.73,79.77,79.64
1989-05,77.44,77.36,77.25,77.14,76.88,76.74,77.27,77.17,77.03,76.83,77.17,77.04,77.02,76.86
1989-06,77.18,76.95,76.75,76.6,76.33,76.28,76.87,76.73,76.57,76.48,76.88,76.72,76.68,76.55
1989-07,77.83,77.58,77.3,77.2,76.99,77.01,77.53,77.42,77.33,77.22,77.59,77.46,77.49,77.43
1989-08,84.94,84.7,84.42,84.25,83.85,83.54,84.5,84.29,84.13,83.9,84.55,84.17,84.19,83.98
1989-09,85.76,85.61,85.39,85.26,84.92,84.63,85.44,85.28,85.13,84.88,85.44,85.14,85.13,84.95
1989-10,88.34,88.16,87.94,87.85,87.64,87.53,88.15,88.06,88,87.91,88.31,88.08,88.14,88.11
1989-11,86.41,86.42,86.37,86.41,86.25,86.15,86.42,86.43,86.48,86.42,86.44,86.31,86.51,86.52
1989-12,84.77,84.81,84.88,85.08,85.18,85.35,84.97,85.05,85.39,85.53,85.01,85.09,85.54,85.71
1990-01,87.32,87.25,87.18,87.22,87.12,87.09,87.24,87.17,87.3,87.22,87.24,87.16,87.41,87.36
1990-02,83.79,83.66,83.55,83.57,83.52,83.64,83.8,83.79,83.9,83.91,83.92,83.89,84.12,84.18
1990-03,83.5,83.4,83.23,83.12,82.8,82.58,83.17,83.01,82.88,82.56,82.98,82.79,82.79,82.54
1990-04,80.7,80.57,80.37,80.25,79.99,79.87,80.45,80.33,80.19,79.96,80.37,80.23,80.22,80.07
1990-05,80.52,80.35,80.16,80,79.69,79.52,80.21,80.05,79.86,79.63,80.12,79.94,79.88,79.68
1990-06,82.23,82.22,82.17,82.09,81.81,81.68,82.07,82,81.84,81.71,81.88,81.78,81.77,81.61
1990-07,81.1,80.9,80.63,80.47,80.14,80,80.72,80.56,80.37,80.12,80.66,80.47,80.42,80.25
1990-08,87.84,87.57,87.27,87.14,86.82,86.66,87.5,87.33,87.26,87.17,87.69,87.36,87.47,87.41
1990-09,84.9,84.69,84.43,84.29,83.98,83.75,84.54,84.37,84.25,84.05,84.59,84.29,84.31,84.18
1990-10,90.25,90.09,89.86,89.72,89.41,89.18,89.96,89.82,89.67,89.48,90.01,89.74,89.73,89.61
1990-11,88.39,88.33,88.21,88.2,88,87.88,88.29,88.25,88.26,88.18,88.34,88.16,88.32,88.31
1990-12,83.38,83.37,83.39,83.51,83.5,83.55,83.39,83.39,83.62,83.63,83.34,83.33,83.67,83.7
1991-01,82.95,82.97,83,83.14,83.14,83.21,83.04,83.07,83.3,83.31,83.02,83.03,83.38,83.42
1991-02,85.55,85.56,85.54,85.58,85.48,85.49,85.61,85.62,85.69,85.61,85.55,85.54,85.74,85.73
1991-03,88.13,88.04,87.91,87.88,87.67,87.6,87.99,87.9,87.89,87.73,87.93,87.83,87.95,87.86
1991-04,79.46,79.31,79.1,78.98,78.71,78.58,79.26,79.13,78.99,78.76,79.27,79.12,79.09,78.94
1991-05,83.23,83.05,82.84,82.64,82.29,82.06,82.83,82.63,82.39,82.1,82.68,82.46,82.35,82.08
1991-06,82.32,82.25,82.16,82.09,81.86,81.8,82.2,82.13,82.02,81.95,82.14,82.05,82.07,81.97
1991-07,83.33,83.3,83.17,83.14,82.9,82.83,83.22,83.18,83.09,82.92,83.11,83.05,83.1,83
1991-08,85.56,85.44,85.25,85.15,84.78,84.47,85.27,85.12,85,84.78,85.25,84.93,84.99,84.82
1991-09,82.45,82.2,81.93,81.84,81.62,81.53,82.19,82.07,82.03,81.96,82.39,82.14,82.24,82.21
1991-10,85.43,85.34,85.21,85.2,85.07,85.04,85.4,85.39,85.41,85.41,85.54,85.4,85.55,85.61
1991-11,86.3,86.15,86,86,85.88,85.88,86.24,86.21,86.28,86.29,86.43,86.26,86.47,86.53
1991-12,87.34,87.31,87.3,87.4,87.37,87.4,87.34,87.32,87.53,87.53,87.34,87.31,87.63,87.64
1992-01,88.55,88.55,88.54,88.62,88.53,88.49,88.49,88.45,88.6,88.51,88.36,88.32,88.58,88.54
1992-02,85.16,85.03,84.91,84.9,84.8,84.86,85.1,85.06,85.12,85.07,85.15,85.09,85.27,85.28
1992-03,83.92,83.8,83.67,83.67,83.53,83.57,83.82,83.78,83.83,83.76,83.84,83.78,83.96,83.95
1992-04,82.91,82.93,82.84,82.78,82.52,82.36,82.82,82.76,82.65,82.41,82.66,82.59,82.61,82.48
1992-05,81,80.98,80.89,80.77,80.46,80.23,80.83,80.72,80.53,80.26,80.64,80.51,80.45,80.23
1992-06,78.74,78.55,78.38,78.27,78.04,78.03,78.54,78.43,78.32,78.28,78.59,78.47,78.48,78.4
1992-07,81.35,81.32,81.19,81.14,80.87,80.76,81.2,81.14,81.03,80.82,81.06,80.98,81.01,80.89
1992-08,82.22,82.29,82.25,82.26,81.95,81.68,82.11,82.08,82.03,81.87,81.95,81.74,81.9,81.78
1992-09,85.48,85.45,85.33,85.3,85.04,84.84,85.35,85.29,85.22,85.06,85.32,85.12,85.21,85.11
1992-10,84.69,84.76,84.71,84.69,84.43,84.18,84.58,84.55,84.46,84.26,84.4,84.24,84.29,84.18
1992-11,86.98,86.88,86.75,86.74,86.57,86.48,86.91,86.87,86.89,86.84,87.03,86.85,87.02,87.02
1992-12,84.22,84.3,84.41,84.63,84.74,84.92,84.47,84.58,84.92,85.07,84.49,84.59,85.04,85.21
1993-01,84.8,84.79,84.76,84.8,84.68,84.59,84.72,84.66,84.77,84.65,84.63,84.55,84.78,84.71
1993-02,88.9,88.71,88.51,88.42,88.23,88.17,88.66,88.53,88.5,88.34,88.67,88.53,88.61,88.51
1993-03,82.78,82.6,82.42,82.38,82.21,82.21,82.58,82.49,82.5,82.4,82.61,82.5,82.64,82.6
1993-04,84.09,84.06,83.97,83.95,83.8,83.8,84.08,84.06,84.04,83.94,84.04,84.01,84.11,84.09
1993-05,80.58,80.6,80.56,80.5,80.28,80.16,80.52,80.48,80.38,80.22,80.36,80.3,80.34,80.22
1993-06,82.79,82.61,82.48,82.41,82.25,82.33,82.66,82.61,82.55,82.58,82.74,82.66,82.73,82.7
1993-07,84.21,84.11,83.92,83.83,83.56,83.46,83.98,83.89,83.76,83.56,83.89,83.77,83.78,83.65
1993-08,82.65,82.6,82.49,82.47,82.19,82,82.51,82.45,82.42,82.32,82.51,82.27,82.44,82.37
1993-09,84.95,84.92,84.81,84.82,84.63,84.54,84.92,84.9,84.92,84.88,84.98,84.84,85.02,85.05
1993-10,84.15,84.3,84.33,84.37,84.19,84.01,84.2,84.25,84.24,84.13,84.04,83.95,84.1,84.09
1993-11,86.41,86.5,86.51,86.58,86.42,86.3,86.53,86.57,86.63,86.56,86.53,86.43,86.64,86.65
1993-12,87.65,87.71,87.75,87.84,87.75,87.67,87.62,87.6,87.75,87.67,87.46,87.42,87.7,87.66
1994-01,86.35,86.32,86.29,86.38,86.33,86.35,86.34,86.31,86.5,86.48,86.32,86.29,86.59,86.61
1994-02,87.9,87.97,87.95,87.92,87.68,87.48,87.86,87.8,87.74,87.48,87.66,87.58,87.66,87.48
1994-03,84.97,84.94,84.81,84.73,84.41,84.18,84.71,84.58,84.46,84.15,84.48,84.32,84.35,84.12
1994-04,82.25,82.13,81.95,81.87,81.67,81.64,82.08,82,81.93,81.8,82.06,81.97,82.03,81.98
1994-05,74.52,74.55,74.51,74.46,74.22,74.09,74.51,74.46,74.35,74.17,74.38,74.31,74.34,74.2
1994-06,83.25,82.96,82.71,82.53,82.25,82.2,82.9,82.73,82.55,82.47,82.98,82.79,82.74,82.61
1994-07,81.83,81.58,81.3,81.19,80.95,80.97,81.56,81.44,81.34,81.22,81.66,81.52,81.55,81.48
1994-08,82.78,82.66,82.51,82.49,82.27,82.18,82.66,82.61,82.63,82.62,82.78,82.56,82.77,82.79
1994-09,84.91,84.81,84.66,84.65,84.48,84.41,84.84,84.8,84.82,84.79,84.96,84.8,84.97,85
1994-10,86.12,86.01,85.86,85.83,85.68,85.64,86.06,86.03,86.04,86.02,86.21,86.05,86.18,86.22
1994-11,89.23,89.07,88.91,88.93,88.83,88.87,89.24,89.22,89.32,89.38,89.51,89.36,89.6,89.7
1994-12,86.41,86.44,86.46,86.55,86.48,86.43,86.38,86.36,86.53,86.47,86.26,86.23,86.53,86.51
1995-01,84.19,84.14,84.11,84.18,84.13,84.14,84.15,84.11,84.28,84.24,84.12,84.07,84.36,84.35
1995-02,85.34,85.28,85.19,85.18,85.05,85.05,85.29,85.25,85.29,85.2,85.26,85.21,85.38,85.35
1995-03,83.19,83.1,82.96,82.92,82.72,82.66,83,82.92,82.91,82.77,82.9,82.81,82.95,82.88
1995-04,83.49,83.33,83.11,82.96,82.66,82.49,83.19,83.03,82.86,82.58,83.11,82.93,82.88,82.68
1995-05,77.99,77.88,77.76,77.66,77.44,77.39,77.84,77.76,77.66,77.54,77.79,77.69,77.72,77.63
1995-06,75.36,74.99,74.72,74.6,74.47,74.67,75.13,75.02,74.99,75.12,75.43,75.31,75.39,75.45
1995-07,81.99,81.7,81.39,81.25,81,81.01,81.69,81.55,81.44,81.32,81.84,81.68,81.7,81.64
1995-08,78.13,77.63,77.19,76.98,76.67,76.56,77.6,77.35,77.26,77.19,77.96,77.55,77.62,77.55
1995-09,82.42,82.34,82.23,82.29,82.2,82.23,82.42,82.45,82.54,82.58,82.55,82.44,82.67,82.76
1995-10,85.63,85.44,85.22,85.16,85,84.97,85.52,85.46,85.45,85.43,85.76,85.57,85.68,85.71
1995-11,86.71,86.72,86.69,86.74,86.62,86.55,86.76,86.78,86.86,86.84,86.79,86.68,86.91,86.95
1995-12,77.43,77.6,77.8,78.1,78.28,78.52,77.84,78.02,78.44,78.64,77.84,78.01,78.53,78.75
1996-01,85.26,85.3,85.34,85.49,85.51,85.59,85.44,85.48,85.72,85.76,85.46,85.5,85.86,85.93
1996-02,80.69,80.73,80.76,80.88,80.86,80.97,80.82,80.9,81.05,81.05,80.74,80.8,81.07,81.14
1996-03,80.82,80.79,80.73,80.79,80.7,80.76,80.88,80.9,80.99,80.96,80.9,80.9,81.13,81.17
1996-04,82.41,82.39,82.29,82.27,82.09,82.04,82.4,82.37,82.32,82.16,82.35,82.3,82.37,82.3
1996-05,74.88,74.83,74.79,74.82,74.75,74.87,74.94,74.98,75.02,75.05,74.95,74.97,75.13,75.18
1996-06,74.05,73.87,73.76,73.76,73.71,73.94,74.07,74.08,74.13,74.3,74.27,74.26,74.42,74.53
1996-07,80.42,80.25,80.04,79.98,79.79,79.83,80.24,80.18,80.13,80.04,80.29,80.2,80.28,80.26
1996-08,84.48,84.16,83.86,83.79,83.6,83.61,84.24,84.14,84.18,84.25,84.59,84.32,84.54,84.63
1996-09,82.72,82.41,82.12,82.04,81.89,81.92,82.49,82.39,82.42,82.46,82.81,82.58,82.75,82.82
1996-10,86.47,86.25,86.02,85.94,85.75,85.69,86.28,86.19,86.15,86.1,86.49,86.27,86.35,86.35
1996-11,85.9,85.89,85.82,85.84,85.68,85.57,85.86,85.86,85.89,85.83,85.87,85.73,85.91,85.91
1996-12,81.68,81.79,81.92,82.17,82.31,82.52,81.99,82.12,82.5,82.68,82.01,82.14,82.63,82.83
1997-01,87.89,87.96,87.99,88.07,87.95,87.84,87.84,87.8,87.93,87.79,87.62,87.58,87.83,87.75
1997-02,84.41,84.33,84.23,84.21,84.06,84.02,84.3,84.25,84.26,84.12,84.24,84.16,84.3,84.23
1997-03,86.08,85.93,85.73,85.62,85.33,85.17,85.78,85.62,85.52,85.27,85.69,85.51,85.55,85.38
1997-04,80.07,79.81,79.56,79.5,79.41,79.55,79.95,79.89,79.91,79.92,80.18,80.11,80.24,80.31
1997-05,78.25,78.26,78.25,78.28,78.19,78.25,78.31,78.35,78.37,78.37,78.24,78.26,78.4,78.42
1997-06,76.01,76.04,76.08,76.13,76.03,76.11,76.17,76.23,76.25,76.32,76.17,76.21,76.35,76.39
1997-07,82.47,82.26,82.03,81.99,81.85,81.98,82.34,82.3,82.3,82.3,82.5,82.44,82.57,82.62
1997-08,79.57,79.56,79.52,79.62,79.5,79.49,79.72,79.77,79.89,79.96,79.87,79.76,80.06,80.15
1997-09,82.67,82.53,82.39,82.43,82.36,82.44,82.7,82.72,82.82,82.9,82.96,82.83,83.07,83.18
1997-10,86.98,86.88,86.74,86.7,86.5,86.38,86.86,86.81,86.76,86.66,86.92,86.73,86.81,86.76
1997-11,89.9,89.89,89.82,89.86,89.72,89.64,89.93,89.94,90,89.97,90.01,89.88,90.09,90.11
1997-12,85.03,85.01,85.05,85.23,85.32,85.48,85.11,85.17,85.47,85.58,85.11,85.16,85.56,85.67
1998-01,84.94,84.95,84.97,85.09,85.06,85.06,84.92,84.92,85.1,85.04,84.79,84.77,85.05,85.02
1998-02,84.41,84.28,84.17,84.18,84.1,84.17,84.34,84.31,84.38,84.34,84.37,84.32,84.5,84.5
1998-03,83.25,83.14,83.02,83.06,82.98,83.07,83.21,83.19,83.28,83.25,83.24,83.2,83.41,83.42
1998-04,79.48,79.54,79.52,79.56,79.46,79.49,79.58,79.62,79.66,79.6,79.49,79.53,79.68,79.72
1998-05,79.28,79.02,78.82,78.76,78.69,78.88,79.21,79.17,79.2,79.28,79.46,79.4,79.54,79.62
1998-06,79.45,79.52,79.6,79.68,79.62,79.75,79.65,79.75,79.8,79.92,79.6,79.69,79.88,79.96
1998-07,83.07,83.02,82.9,82.91,82.74,82.77,83,82.99,82.97,82.88,82.94,82.91,83.01,82.98
1998-08,83.14,83.05,82.93,82.94,82.74,82.65,83.06,83.03,83.07,83.04,83.15,82.95,83.16,83.16
1998-09,86.54,86.5,86.38,86.38,86.17,86.03,86.47,86.43,86.41,86.32,86.5,86.33,86.46,86.43
1998-10,81.08,81.13,81.1,81.16,81.05,81,81.18,81.23,81.28,81.27,81.2,81.12,81.3,81.36
1998-11,88.53,88.43,88.29,88.25,88.02,87.86,88.35,88.27,88.24,88.12,88.36,88.15,88.27,88.2
1998-12,82.48,82.54,82.62,82.81,82.88,83.01,82.66,82.73,83.03,83.13,82.66,82.72,83.13,83.23
1999-01,84.18,84.19,84.24,84.43,84.51,84.67,84.3,84.37,84.67,84.75,84.28,84.34,84.73,84.83
1999-02,83.98,83.88,83.78,83.8,83.72,83.79,83.94,83.93,84.01,83.97,83.97,83.94,84.14,84.16
1999-03,80.05,79.98,79.9,79.97,79.91,80.03,80.07,80.09,80.21,80.22,80.1,80.11,80.35,80.41
1999-04,79.41,79.38,79.32,79.37,79.32,79.43,79.49,79.54,79.61,79.62,79.51,79.55,79.73,79.81
1999-05,78.04,78.1,78.12,78.17,78.07,78.11,78.18,78.24,78.25,78.23,78.11,78.14,78.28,78.29
1999-06,78.8,78.67,78.58,78.56,78.44,78.54,78.74,78.72,78.7,78.75,78.78,78.74,78.83,78.82
1999-07,80.26,80.08,79.87,79.81,79.63,79.67,80.06,80,79.95,79.87,80.09,80.01,80.08,80.06
1999-08,81.66,81.6,81.51,81.56,81.39,81.33,81.7,81.7,81.77,81.79,81.85,81.68,81.94,81.99
1999-09,86.24,86.05,85.84,85.8,85.63,85.6,86.11,86.05,86.06,86.04,86.33,86.13,86.28,86.31
1999-10,84.93,84.79,84.63,84.62,84.48,84.44,84.85,84.82,84.81,84.77,85,84.82,84.93,84.92
1999-11,86.37,86.27,86.16,86.18,86.06,86.01,86.29,86.28,86.33,86.3,86.37,86.21,86.39,86.4
1999-12,86.19,86.18,86.2,86.31,86.27,86.27,86.13,86.11,86.3,86.25,86,85.97,86.26,86.22
2000-01,84.73,84.77,84.79,84.9,84.85,84.84,84.72,84.72,84.91,84.86,84.59,84.58,84.88,84.88
2000-02,81.81,81.7,81.61,81.65,81.6,81.73,81.8,81.8,81.91,81.92,81.84,81.83,82.06,82.11
2000-03,82.57,82.37,82.16,82.09,81.89,81.86,82.28,82.16,82.13,81.99,82.26,82.11,82.21,82.11
2000-04,73.04,73.2,73.3,73.47,73.49,73.65,73.37,73.54,73.69,73.74,73.29,73.44,73.7,73.84
2000-05,76.81,76.83,76.83,76.86,76.76,76.81,76.92,76.96,76.98,76.97,76.88,76.9,77.05,77.06
2000-06,77.92,77.97,78,78.05,77.93,78,78.04,78.09,78.1,78.15,77.97,78.01,78.14,78.16
2000-07,78.11,77.97,77.8,77.83,77.75,77.93,78.11,78.13,78.19,78.24,78.26,78.27,78.45,78.56
2000-08,81.69,81.61,81.51,81.58,81.46,81.48,81.71,81.74,81.85,81.94,81.87,81.73,82.03,82.14
2000-09,83.94,83.83,83.71,83.77,83.71,83.79,84,84.03,84.15,84.23,84.23,84.13,84.38,84.5
2000-10,83.84,83.77,83.67,83.71,83.63,83.66,83.89,83.92,83.99,84.03,84.04,83.94,84.13,84.22
2000-11,86.02,85.99,85.94,86.03,85.97,86.01,86.1,86.16,86.3,86.37,86.22,86.15,86.43,86.55
2000-12,84.68,84.74,84.82,85.03,85.12,85.28,84.87,84.96,85.28,85.41,84.88,84.96,85.39,85.54
2001-01,84.85,84.86,84.89,85.05,85.09,85.22,84.94,84.99,85.26,85.32,84.92,84.96,85.34,85.43
2001-02,85.54,85.51,85.44,85.44,85.29,85.24,85.47,85.43,85.45,85.31,85.37,85.31,85.45,85.38
2001-03,78.99,79.03,79.05,79.22,79.25,79.45,79.24,79.35,79.56,79.65,79.28,79.37,79.71,79.85
2001-04,81.89,81.83,81.71,81.68,81.51,81.49,81.84,81.8,81.76,81.62,81.81,81.76,81.83,81.77
2001-05,76.56,76.4,76.27,76.23,76.13,76.23,76.5,76.48,76.48,76.49,76.59,76.55,76.67,76.69
2001-06,78.87,78.65,78.5,78.48,78.42,78.64,78.82,78.81,78.85,79.03,79.03,79.01,79.16,79.28
2001-07,83.93,83.81,83.62,83.55,83.3,83.28,83.74,83.66,83.58,83.45,83.71,83.62,83.68,83.62
2001-08,84.44,84.4,84.31,84.32,84.08,83.94,84.38,84.35,84.37,84.33,84.43,84.23,84.44,84.44
2001-09,86.25,86.15,85.98,85.92,85.67,85.51,86.07,85.99,85.94,85.83,86.12,85.91,86.01,85.97
2001-10,85.84,85.68,85.52,85.51,85.41,85.45,85.82,85.82,85.87,85.92,86.08,85.94,86.12,86.22
2001-11,86.94,86.72,86.54,86.57,86.54,86.67,86.92,86.92,87.07,87.2,87.24,87.11,87.39,87.54
2001-12,86.2,86.22,86.27,86.41,86.42,86.47,86.21,86.23,86.47,86.47,86.09,86.1,86.44,86.47
2002-01,85.51,85.49,85.49,85.62,85.64,85.73,85.59,85.61,85.85,85.9,85.62,85.64,85.99,86.07
2002-02,82.49,82.44,82.4,82.48,82.47,82.62,82.59,82.63,82.79,82.83,82.64,82.67,82.94,83.04
2002-03,81.54,81.52,81.46,81.5,81.38,81.4,81.55,81.55,81.62,81.56,81.51,81.49,81.71,81.72
2002-04,79,78.88,78.73,78.7,78.58,78.64,78.94,78.91,78.91,78.85,79,78.96,79.07,79.08
2002-05,80.42,80.36,80.29,80.28,80.17,80.24,80.47,80.48,80.48,80.48,80.52,80.51,80.63,80.65
2002-06,81.04,80.99,80.96,80.99,80.92,81.06,81.11,81.15,81.17,81.28,81.15,81.17,81.31,81.36
2002-07,82.3,82.23,82.11,82.18,82.12,82.32,82.39,82.45,82.53,82.59,82.5,82.54,82.75,82.87
2002-08,83.64,83.55,83.44,83.49,83.34,83.33,83.66,83.66,83.76,83.81,83.83,83.67,83.94,84.03
2002-09,82.76,82.57,82.37,82.39,82.31,82.4,82.73,82.73,82.83,82.93,83.04,82.9,83.14,83.28
2002-10,88.82,88.74,88.6,88.55,88.35,88.21,88.72,88.67,88.62,88.51,88.8,88.61,88.69,88.64
2002-11,90.76,90.71,90.61,90.62,90.43,90.32,90.74,90.71,90.73,90.66,90.83,90.67,90.84,90.82
2002-12,86.43,86.53,86.63,86.79,86.79,86.83,86.59,86.64,86.89,86.91,86.51,86.55,86.93,86.99
2003-01,83.34,83.36,83.37,83.49,83.46,83.49,83.35,83.35,83.55,83.53,83.26,83.25,83.56,83.58
2003-02,82.49,82.35,82.27,82.36,82.41,82.68,82.67,82.72,82.93,83.07,82.92,82.96,83.28,83.45
2003-03,79.79,79.53,79.3,79.27,79.17,79.31,79.65,79.58,79.66,79.67,79.87,79.78,79.98,80.03
2003-04,77.32,77.09,76.88,76.85,76.78,76.95,77.25,77.22,77.27,77.3,77.46,77.42,77.57,77.66
2003-05,80.71,80.69,80.68,80.76,80.75,80.94,80.89,80.97,81.07,81.18,80.95,81.02,81.24,81.35
2003-06,78.13,77.97,77.85,77.82,77.72,77.87,78.11,78.1,78.1,78.21,78.27,78.24,78.36,78.41
2003-07,81.91,81.79,81.65,81.66,81.56,81.7,81.92,81.94,81.97,81.99,82.04,82.04,82.2,82.28
2003-08,80.91,80.65,80.41,80.37,80.2,80.19,80.78,80.7,80.75,80.79,81.1,80.85,81.07,81.11
2003-09,84.96,84.68,84.4,84.34,84.18,84.19,84.76,84.67,84.68,84.68,85.05,84.82,84.96,85
2003-10,85.29,85.18,85.03,85,84.84,84.78,85.21,85.18,85.17,85.13,85.33,85.17,85.29,85.3
2003-11,88.06,87.92,87.77,87.8,87.73,87.79,88.08,88.08,88.19,88.27,88.34,88.21,88.46,88.58
2003-12,88.28,88.34,88.4,88.53,88.52,88.54,88.33,88.35,88.58,88.58,88.23,88.24,88.59,88.63
2004-01,87.44,87.44,87.45,87.58,87.57,87.64,87.48,87.5,87.73,87.75,87.45,87.46,87.8,87.86
2004-02,83.12,83.07,82.99,82.99,82.85,82.84,83.05,83.02,83.06,82.97,82.99,82.94,83.12,83.1
2004-03,80.32,80.28,80.21,80.27,80.18,80.26,80.35,80.36,80.47,80.45,80.36,80.36,80.59,80.64
2004-04,80.93,80.94,80.91,80.96,80.88,80.95,81.02,81.07,81.12,81.08,80.99,81.02,81.19,81.23
2004-05,79.22,79.14,79.06,79.05,78.95,79.03,79.22,79.22,79.23,79.24,79.24,79.23,79.36,79.38
2004-06,82.09,82.05,82,81.95,81.73,81.68,81.96,81.91,81.81,81.74,81.81,81.74,81.77,81.66
2004-07,81.77,81.74,81.62,81.6,81.4,81.38,81.73,81.7,81.65,81.53,81.68,81.64,81.73,81.68
2004-08,83.52,83.47,83.4,83.47,83.33,83.31,83.57,83.6,83.7,83.75,83.71,83.56,83.84,83.92
2004-09,84.38,84.23,84.06,84.07,83.95,83.97,84.34,84.32,84.39,84.43,84.56,84.41,84.62,84.7
2004-10,87.48,87.43,87.33,87.33,87.19,87.13,87.47,87.47,87.48,87.45,87.55,87.42,87.56,87.6
2004-11,86.69,86.57,86.45,86.49,86.43,86.49,86.72,86.73,86.85,86.94,86.94,86.82,87.09,87.21
2004-12,87.33,87.25,87.23,87.36,87.41,87.56,87.36,87.38,87.65,87.74,87.44,87.44,87.82,87.92
2005-01,87.86,87.74,87.62,87.62,87.49,87.45,87.63,87.52,87.63,87.55,87.57,87.47,87.7,87.66
2005-02,82.84,82.77,82.71,82.76,82.71,82.8,82.86,82.87,82.98,82.97,82.86,82.86,83.09,83.14
2005-03,84.5,84.36,84.22,84.23,84.13,84.23,84.43,84.4,84.49,84.48,84.51,84.46,84.68,84.72
2005-04,79.33,79.22,79.09,79.1,79.03,79.17,79.38,79.39,79.45,79.48,79.52,79.53,79.7,79.8
2005-05,77.37,77.23,77.11,77.08,76.99,77.11,77.35,77.34,77.36,77.41,77.46,77.44,77.58,77.65
2005-06,82.13,81.93,81.8,81.8,81.75,81.95,82.09,82.09,82.12,82.26,82.26,82.23,82.37,82.43
2005-07,82.52,82.35,82.13,82.06,81.85,81.88,82.34,82.27,82.21,82.12,82.4,82.31,82.39,82.36
2005-08,82.94,82.63,82.36,82.3,82.13,82.14,82.74,82.64,82.69,82.73,83.07,82.8,83.01,83.05
2005-09,83.43,83.21,83,82.99,82.87,82.92,83.33,83.29,83.35,83.4,83.59,83.42,83.62,83.71
2005-10,85.59,85.38,85.2,85.23,85.21,85.35,85.65,85.67,85.77,85.9,86.02,85.91,86.12,86.27
2005-11,86.61,86.48,86.35,86.39,86.32,86.37,86.62,86.62,86.74,86.8,86.83,86.7,86.95,87.05
2005-12,90.15,90.06,90.02,90.14,90.17,90.29,90.14,90.13,90.38,90.45,90.19,90.17,90.52,90.59
2006-01,85.86,85.87,85.91,86.09,86.16,86.31,86.02,86.08,86.37,86.46,86.05,86.1,86.49,86.6
2006-02,81.71,81.75,81.76,81.85,81.8,81.89,81.81,81.87,82,82.01,81.73,81.78,82.06,82.14
2006-03,82.03,81.98,81.89,81.92,81.81,81.85,82.03,82.02,82.09,82.04,82.04,82.01,82.22,82.23
2006-04,78.12,78.01,77.87,77.86,77.77,77.86,78.1,78.09,78.12,78.1,78.18,78.16,78.3,78.35
2006-05,78.82,78.81,78.79,78.8,78.67,78.68,78.89,78.9,78.88,78.82,78.85,78.84,78.94,78.9
2006-06,75.44,75.25,75.13,75.11,75.04,75.24,75.41,75.41,75.44,75.6,75.59,75.57,75.73,75.83
2006-07,78.37,78.11,77.86,77.8,77.65,77.78,78.16,78.1,78.08,78.07,78.3,78.22,78.32,78.35
2006-08,84.35,84.15,83.95,83.92,83.72,83.68,84.2,84.13,84.17,84.2,84.41,84.18,84.4,84.45
2006-09,85.49,85.33,85.15,85.14,84.99,84.96,85.39,85.35,85.38,85.37,85.58,85.4,85.57,85.61
2006-10,87.27,87.19,87.09,87.12,87.03,87.06,87.31,87.34,87.4,87.44,87.47,87.37,87.56,87.66
2006-11,85.93,85.79,85.63,85.61,85.44,85.37,85.83,85.77,85.8,85.76,85.98,85.79,85.96,85.96
2006-12,87.58,87.57,87.59,87.73,87.75,87.82,87.62,87.63,87.87,87.89,87.58,87.58,87.92,87.95
2007-01,84.28,84.15,84.09,84.21,84.29,84.51,84.3,84.32,84.62,84.79,84.44,84.46,84.88,85.07
2007-02,87.47,87.4,87.33,87.36,87.28,87.34,87.49,87.48,87.57,87.53,87.51,87.49,87.7,87.72
2007-03,82.77,82.6,82.45,82.47,82.41,82.56,82.68,82.66,82.76,82.78,82.77,82.73,82.95,83
2007-04,79.75,79.44,79.16,79.08,78.97,79.11,79.56,79.47,79.46,79.44,79.77,79.67,79.75,79.77
2007-05,77.23,77.18,77.16,77.22,77.21,77.39,77.36,77.43,77.51,77.6,77.4,77.45,77.65,77.74
2007-06,81.42,81.35,81.35,81.45,81.49,81.8,81.62,81.73,81.86,82.1,81.77,81.85,82.1,82.27
2007-07,83.51,83.47,83.41,83.52,83.53,83.78,83.67,83.77,83.9,84.01,83.75,83.83,84.08,84.23
2007-08,84.03,83.79,83.58,83.59,83.47,83.53,83.88,83.85,83.95,84.06,84.13,83.93,84.2,84.32
2007-09,83.73,83.57,83.41,83.48,83.45,83.59,83.75,83.78,83.93,84.06,84.01,83.91,84.18,84.35
2007-10,86.65,86.5,86.36,86.4,86.37,86.5,86.68,86.71,86.82,86.94,86.93,86.83,87.05,87.2
2007-11,85.46,85.35,85.26,85.33,85.29,85.41,85.48,85.52,85.69,85.83,85.67,85.59,85.89,86.07
2007-12,85.34,85.35,85.41,85.6,85.7,85.9,85.5,85.57,85.9,86.06,85.54,85.61,86.04,86.2
2008-01,86.38,86.29,86.26,86.41,86.51,86.76,86.46,86.51,86.83,87.01,86.6,86.64,87.07,87.26
2008-02,84.69,84.52,84.38,84.36,84.28,84.39,84.6,84.56,84.63,84.62,84.69,84.63,84.82,84.86
2008-03,81.75,81.58,81.42,81.46,81.42,81.6,81.69,81.68,81.81,81.86,81.8,81.78,82.03,82.13
2008-04,77.82,77.85,77.86,77.98,78.02,78.23,78.09,78.21,78.36,78.44,78.16,78.26,78.52,78.67
2008-05,74.04,73.98,73.93,73.95,73.88,74,74.15,74.18,74.21,74.24,74.23,74.24,74.38,74.42
2008-06,77.78,77.64,77.57,77.59,77.54,77.75,77.81,77.84,77.89,78.05,77.94,77.95,78.12,78.22
2008-07,83.36,83.18,83.01,83.08,83.08,83.39,83.45,83.51,83.63,83.77,83.71,83.75,83.98,84.16
2008-08,87.89,87.75,87.65,87.75,87.72,87.86,87.98,88.04,88.22,88.39,88.26,88.15,88.49,88.66
2008-09,87.38,87.28,87.15,87.2,87.13,87.2,87.44,87.47,87.58,87.67,87.68,87.58,87.83,87.96
2008-10,87.2,86.94,86.73,86.76,86.79,87.01,87.23,87.26,87.4,87.58,87.65,87.53,87.77,87.95
2008-11,88.05,87.87,87.7,87.71,87.64,87.74,88,87.99,88.11,88.23,88.28,88.14,88.4,88.55
2008-12,89.84,89.71,89.69,89.85,89.99,90.25,89.92,89.96,90.29,90.47,90.07,90.1,90.52,90.68
2009-01,92.26,92.31,92.37,92.54,92.57,92.66,92.39,92.44,92.69,92.72,92.35,92.38,92.73,92.79
2009-02,86.78,86.61,86.49,86.54,86.56,86.81,86.83,86.85,87.03,87.17,87.05,87.06,87.36,87.53
2009-03,83.8,83.58,83.44,83.52,83.6,83.95,83.87,83.92,84.16,84.36,84.16,84.2,84.54,84.76
2009-04,83.52,83.26,83.05,83.06,83.1,83.42,83.58,83.6,83.73,83.9,83.94,83.95,84.18,84.38
2009-05,81.94,81.79,81.67,81.68,81.64,81.84,82,82.02,82.08,82.17,82.18,82.18,82.35,82.45
2009-06,77.29,77.19,77.14,77.2,77.18,77.42,77.42,77.49,77.57,77.76,77.59,77.63,77.83,77.96
2009-07,87.73,87.76,87.69,87.71,87.54,87.54,87.71,87.73,87.71,87.62,87.6,87.6,87.72,87.71
2009-08,85.36,85.26,85.21,85.41,85.5,85.79,85.65,85.8,86.11,86.43,86.02,86.01,86.48,86.8
2009-09,91.35,91.23,91.03,90.92,90.61,90.36,91.03,90.91,90.79,90.59,91,90.74,90.78,90.65
2009-10,90.91,90.69,90.51,90.54,90.55,90.74,90.97,91,91.13,91.29,91.36,91.25,91.49,91.67
2009-11,91.58,91.38,91.21,91.26,91.22,91.32,91.57,91.57,91.69,91.78,91.86,91.71,91.95,92.04
2009-12,92.24,92.21,92.23,92.39,92.46,92.6,92.32,92.35,92.63,92.69,92.34,92.35,92.71,92.77
2010-01,91.03,91.07,91.1,91.23,91.2,91.21,91.09,91.1,91.3,91.26,91,91,91.31,91.32
2010-02,89.34,89.37,89.39,89.49,89.47,89.56,89.48,89.54,89.68,89.68,89.43,89.47,89.74,89.8
2010-03,79.6,79.54,79.49,79.62,79.65,79.88,79.74,79.81,80.01,80.12,79.84,79.89,80.22,80.36
2010-04,77.5,77.29,77.1,77.08,77.03,77.2,77.47,77.45,77.5,77.53,77.67,77.63,77.78,77.86
2010-05,76.25,76.12,76.04,76.06,76.04,76.24,76.33,76.36,76.44,76.54,76.47,76.49,76.68,76.79
2010-06,75.99,75.8,75.69,75.7,75.67,75.93,76.03,76.05,76.12,76.33,76.26,76.26,76.45,76.59
2010-07,83.01,82.98,82.9,82.99,82.94,83.12,83.14,83.22,83.3,83.36,83.22,83.27,83.48,83.58
2010-08,82.01,81.98,81.93,82.03,81.94,81.97,82.11,82.16,82.3,82.39,82.24,82.12,82.44,82.54
2010-09,86.82,86.66,86.48,86.5,86.4,86.44,86.79,86.78,86.85,86.89,87.03,86.88,87.08,87.16
2010-10,88.6,88.44,88.27,88.28,88.2,88.26,88.59,88.59,88.65,88.71,88.84,88.71,88.89,88.98
2010-11,91.02,90.96,90.86,90.88,90.75,90.71,91.01,91,91.07,91.07,91.12,90.98,91.2,91.24
2010-12,90.53,90.72,90.87,91.04,91.02,90.99,90.63,90.69,90.93,90.91,90.36,90.42,90.79,90.82
2011-01,90.61,90.63,90.65,90.79,90.81,90.92,90.7,90.74,91,91.08,90.69,90.74,91.12,91.24
2011-02,91.93,91.93,91.88,91.91,91.79,91.77,91.97,91.95,92,91.9,91.92,91.89,92.06,92.02
2011-03,84.68,84.55,84.42,84.45,84.36,84.47,84.6,84.58,84.67,84.66,84.65,84.6,84.82,84.85
2011-04,75.81,75.64,75.49,75.55,75.59,75.87,75.92,75.98,76.11,76.24,76.18,76.22,76.45,76.61
2011-05,77.84,77.76,77.73,77.82,77.87,78.15,78.04,78.13,78.28,78.45,78.18,78.26,78.51,78.68
2011-06,81.27,81.15,81.1,81.17,81.2,81.51,81.4,81.49,81.61,81.86,81.59,81.66,81.89,82.08
2011-07,81.33,81.12,80.92,80.95,80.92,81.18,81.34,81.36,81.46,81.57,81.59,81.59,81.8,81.96
2011-08,83.68,83.61,83.57,83.74,83.78,83.99,83.89,84.02,84.28,84.53,84.16,84.12,84.54,84.8
2011-09,87.02,86.81,86.63,86.68,86.66,86.83,87.02,87.05,87.2,87.36,87.35,87.24,87.52,87.71
2011-10,93.06,92.75,92.49,92.46,92.4,92.54,92.99,92.95,93.01,93.12,93.4,93.23,93.4,93.52
2011-11,90.72,90.61,90.49,90.52,90.43,90.45,90.74,90.75,90.84,90.88,90.95,90.82,91.05,91.14
2011-12,88.78,88.74,88.73,88.81,88.77,88.78,88.73,88.69,88.88,88.86,88.68,88.64,88.94,88.94
2012-01,87.34,87.32,87.3,87.37,87.3,87.3,87.32,87.29,87.45,87.39,87.28,87.23,87.51,87.49
2012-02,92.25,92.12,91.98,91.91,91.73,91.68,92.07,91.98,91.96,91.8,92.03,91.92,92.02,91.92
2012-03,84.35,84.13,83.91,83.85,83.67,83.68,84.1,83.99,83.98,83.86,84.15,84.01,84.12,84.04
2012-04,79.41,79.4,79.41,79.6,79.75,80.11,79.77,79.95,80.19,80.4,79.95,80.11,80.45,80.69
2012-05,75.3,75.34,75.36,75.42,75.36,75.45,75.49,75.56,75.62,75.65,75.5,75.55,75.72,75.78
2012-06,83.29,83.34,83.42,83.56,83.6,83.87,83.63,83.78,83.92,84.15,83.73,83.86,84.13,84.3
2012-07,84.17,84.21,84.19,84.28,84.17,84.26,84.36,84.43,84.47,84.47,84.38,84.43,84.61,84.69
2012-08,84.3,84.37,84.43,84.57,84.45,84.43,84.58,84.67,84.8,84.89,84.7,84.62,84.95,85.08
2012-09,85.37,85.37,85.34,85.4,85.25,85.2,85.5,85.53,85.58,85.57,85.63,85.51,85.72,85.78
2012-10,89.34,89.33,89.29,89.33,89.2,89.17,89.44,89.47,89.52,89.53,89.55,89.45,89.64,89.73
2012-11,91.74,91.76,91.73,91.75,91.51,91.3,91.77,91.74,91.71,91.56,91.76,91.58,91.71,91.64
2012-12,91.95,92,92.08,92.22,92.16,92.12,92.08,92.08,92.26,92.2,92.01,91.99,92.29,92.26
2013-01,92.97,92.99,93.03,93.13,93,92.9,93.07,93.03,93.15,93.02,93.04,92.97,93.21,93.14
2013-02,85.74,85.76,85.77,85.81,85.66,85.61,85.83,85.82,85.85,85.74,85.76,85.73,85.9,85.87
2013-03,82.78,82.9,82.99,83.12,82.97,82.91,83.02,83.07,83.13,83,82.91,82.93,83.13,83.08
2013-04,77.35,77.41,77.41,77.44,77.26,77.17,77.48,77.48,77.44,77.27,77.39,77.36,77.44,77.38
2013-05,80.77,80.64,80.53,80.48,80.35,80.4,80.71,80.67,80.64,80.61,80.75,80.69,80.78,80.77
2013-06,80.09,80.02,79.97,79.9,79.65,79.58,80.01,79.95,79.82,79.76,79.97,79.88,79.89,79.8
2013-07,82.28,81.99,81.65,81.47,81.18,81.14,81.83,81.66,81.51,81.36,81.88,81.7,81.69,81.6
2013-08,86.2,86.12,85.98,85.94,85.64,85.43,86.01,85.92,85.87,85.74,86,85.74,85.88,85.78
2013-09,87.53,87.35,87.12,87.04,86.82,86.73,87.28,87.19,87.16,87.09,87.41,87.19,87.3,87.28
2013-10,91,90.76,90.5,90.4,90.21,90.17,90.73,90.63,90.59,90.56,90.92,90.7,90.79,90.8
2013-11,90.05,89.98,89.86,89.83,89.63,89.49,89.92,89.86,89.86,89.77,89.95,89.76,89.91,89.88
2013-12,89.22,89.22,89.22,89.3,89.23,89.21,89.21,89.17,89.35,89.32,89.15,89.11,89.42,89.42
2014-01,92.3,92.37,92.42,92.53,92.46,92.41,92.39,92.39,92.55,92.45,92.28,92.26,92.54,92.49
2014-02,90.29,90.23,90.14,90.1,89.91,89.82,90.17,90.09,90.07,89.9,90.06,89.97,90.08,89.97
2014-03,89.24,89.09,88.9,88.83,88.6,88.54,89.03,88.91,88.88,88.72,89.04,88.9,89.01,88.91
2014-04,80.61,80.47,80.32,80.33,80.33,80.58,80.62,80.65,80.77,80.89,80.8,80.83,81.06,81.24
2014-05,85.52,85.42,85.32,85.3,85.21,85.32,85.48,85.48,85.5,85.53,85.51,85.5,85.65,85.71
2014-06,81.5,81.39,81.29,81.24,81.07,81.13,81.36,81.33,81.28,81.33,81.36,81.31,81.4,81.42
2014-07,83.59,83.38,83.1,82.94,82.62,82.51,83.22,83.06,82.88,82.66,83.2,83.02,82.98,82.82
2014-08,83.61,83.65,83.63,83.7,83.52,83.42,83.63,83.66,83.73,83.72,83.6,83.46,83.72,83.74
2014-09,88.04,87.88,87.66,87.55,87.25,87.02,87.74,87.6,87.49,87.29,87.77,87.5,87.52,87.38
2014-10,90.41,90.37,90.25,90.2,89.96,89.77,90.31,90.26,90.18,90.03,90.33,90.14,90.2,90.12
2014-11,96.12,96.24,96.26,96.3,96.06,95.82,96.19,96.19,96.17,96.01,96.08,95.94,96.08,96
2014-12,94.88,95.06,95.2,95.31,95.16,94.94,94.96,94.94,95.04,94.82,94.65,94.61,94.83,94.67