1969-01,13.24,10.47,8,8.17,8.2,9.19,9.96,9,8.4,8.94,15.4,9.04,8.61,8.74
1969-02,15.23,12.83,10.05,9.74,9.47,10.36,12.59,10.73,9.94,10.36,17.94,10.65,10.35,10.23
1969-03,17.54,12.44,8.86,9.59,9.5,10.47,10.87,10.49,9.67,10.93,18.93,10.84,9.91,10.73
1969-04,13.78,11.23,8.75,8.67,8.5,9.31,10.81,9.48,8.81,9.2,16.02,9.47,9.1,9.06
1969-05,6.57,5.34,4.38,5.41,6.12,6.62,4.87,5.56,5.65,6.24,6.61,5.73,5.43,6.05
1969-06,12.41,9.83,7.57,8.02,8.08,8.72,9.1,8.61,8.12,8.74,13.8,8.7,8.22,8.55
1969-07,11.04,9.08,7.49,7.73,7.87,8.53,8.71,8.13,7.81,8.15,12.4,8.03,7.79,7.88
1969-08,12.12,10.85,8.56,8.35,8.37,9.2,11.11,9.31,8.74,8.8,15.56,9.08,9.04,8.59
1969-09,8.61,5.94,4.39,5.2,5.7,6.54,5.23,5.55,5.4,6.06,9.41,5.67,5.25,5.77
1969-10,9.35,7.63,5.93,6.99,7.81,8.65,7.16,7.37,7.3,7.93,10.31,7.38,7.09,7.59
1969-11,10.9,8.75,7.17,7.81,8.13,8.91,7.94,8.12,7.82,8.33,10.16,8.19,7.67,8.06
1969-12,15.56,11.65,8.11,8.61,8.71,9.94,10.82,9.78,8.94,9.66,19.42,9.85,9.14,9.31
1970-01,16.44,12.85,8.93,9.49,9.66,11.01,12.28,11.01,10.09,10.77,21.93,11.13,10.43,10.44
1970-02,9.28,9.88,8.28,8.05,8.29,9.23,10.93,9.18,8.78,8.59,14.66,8.92,9.11,8.39
1970-03,9.83,9.16,7.88,8.42,9.03,9.72,9.18,8.83,8.68,8.77,11.46,8.69,8.51,8.45
1970-04,7.27,7.42,6.53,7.03,7.78,8.48,7.83,7.41,7.46,7.48,9.5,7.24,7.32,7.22
1970-05,11.13,9.04,7.33,7.26,7.09,7.79,8.68,7.8,7.37,7.82,12.26,7.84,7.64,7.78
1970-06,11.59,9.08,6.89,7.55,7.76,8.47,8.37,8.15,7.76,8.49,13.3,8.28,7.82,8.26
1970-07,9.69,9.11,7.85,7.77,7.89,8.55,9.46,8.37,8.11,8.2,12.38,8.13,8.24,7.97
1970-08,6.53,5.32,4.02,4.72,5.22,5.83,5.05,5.12,5.05,5.51,7.93,5.15,4.98,5.27
1970-09,12.74,10.08,7.5,8.21,8.74,9.64,9.53,8.87,8.49,9.05,14.67,8.83,8.45,8.71
1970-10,11.44,9.6,7.51,8.23,8.79,9.73,9.22,8.85,8.57,9.13,13,8.83,8.52,8.82
1970-11,7.35,7.38,6.25,6.8,7.41,8.27,7.74,7.38,7.34,7.66,9.79,7.27,7.34,7.41
1970-12,10.72,9.49,7.45,7.02,6.85,7.67,9.66,7.84,7.25,7.41,13.8,7.62,7.57,7.24
1971-01,12.27,10.92,8.71,9.03,9.43,10.45,11.4,10.28,9.96,10.22,16.68,10.23,10.29,10.01
1971-02,10.93,9.59,7.87,7.85,7.96,8.89,9.95,8.87,8.53,8.75,14.4,8.82,8.87,8.6
1971-03,14.62,12.73,10.78,10.34,9.98,10.75,12.67,11.29,10.62,10.8,17.14,11.26,11.04,10.72
1971-04,14.88,12.78,10.74,9.9,8.94,9.65,12.48,10.92,10,10.35,16.8,11.01,10.66,10.41
1971-05,17.4,15.14,12.97,12.09,11.22,12.02,14.87,13.16,12.18,12.35,19.67,13.16,12.77,12.32
1971-06,13.66,11.59,9.55,9.05,8.62,9.5,11.51,10.02,9.34,9.64,16.29,9.98,9.81,9.55
1971-07,12.05,10.46,9.21,8.38,7.61,8.21,10.25,9.03,8.35,8.46,13.33,9.02,8.79,8.46
1971-08,12.81,10.54,8.68,7.77,7,7.98,10.47,8.79,7.98,8.23,15.3,8.78,8.58,8.21
1971-09,16.36,13.98,11.87,10.76,9.63,10.38,13.57,11.78,10.69,10.88,18.15,11.8,11.35,10.9
1971-10,18.53,16.25,13.27,13.11,12.96,14.08,16.31,14.56,13.76,14.08,22.81,14.5,14.28,13.88
1971-11,19.89,16.94,14.42,13.6,13.07,14.07,16.69,14.63,13.63,13.61,22.67,14.46,14.03,13.41
1971-12,15.8,12.75,9.91,9.48,9.32,10.7,12.76,10.72,9.98,10.44,19.87,10.56,10.47,10.2
1972-01,19.85,17.06,13.88,13.28,12.7,13.89,16.97,14.84,13.76,14.05,23.97,14.81,14.44,13.91
1972-02,19.22,16.66,13.71,13.16,12.61,13.68,16.55,14.59,13.59,13.87,22.96,14.57,14.22,13.74
1972-03,16.68,14.12,11.24,10.65,10.09,11.3,14.16,12.19,11.24,11.63,20.77,12.21,11.97,11.55
1972-04,14.07,11.8,9.53,9.12,8.84,9.93,11.9,10.3,9.66,10.07,17.51,10.28,10.2,9.97
1972-05,17.33,15.22,12.61,12.45,12.35,13.38,15.36,13.76,13.06,13.3,21.26,13.72,13.53,13.13
1972-06,11.74,10.12,7.66,7.94,8.29,9.44,10.54,9.27,8.9,9.3,16.37,9.21,9.29,9.07
1972-07,7.09,5.72,4.03,3.72,3.51,4.55,6.1,4.91,4.46,4.79,10.67,4.92,5,4.71
1972-08,14.75,12.43,10.2,9.39,8.6,9.52,12.29,10.56,9.65,9.97,17.44,10.6,10.31,9.96
1972-09,12.27,9.99,7.79,6.95,6.19,7.21,9.94,8.18,7.29,7.55,15.26,8.2,7.95,7.52
1972-10,16.91,14.27,11.06,10.7,10.16,11.17,14.04,12.15,11.18,11.76,20.54,12.21,11.87,11.68
1972-11,15.16,12.41,9.48,9.06,8.84,10.23,12.57,10.55,9.74,10.09,19.76,10.45,10.32,9.88
1972-12,19.13,16.74,13.46,13.43,13.42,14.72,16.95,15.08,14.3,14.68,24.26,15.02,14.86,14.44
1973-01,17.79,15.06,12.36,11.6,10.91,12.01,14.91,12.9,11.91,12.21,21.11,12.87,12.55,12.11
1973-02,14.12,11.58,9.57,8.88,8.53,9.68,11.63,9.86,9.17,9.34,17.18,9.72,9.6,9.18
1973-03,13.73,11.44,9.53,8.95,8.55,9.47,11.31,9.76,9.11,9.36,16.1,9.65,9.49,9.23
1973-04,12.2,10.22,8.24,7.81,7.62,8.82,10.54,9.02,8.47,8.76,16.01,8.96,8.99,8.63
1973-05,12.69,10.72,8.91,8.37,8.03,9.16,10.96,9.47,8.91,9.24,16.03,9.44,9.45,9.16
1973-06,9.18,7.7,6.54,6.25,6.18,6.93,7.76,6.78,6.48,6.67,11.13,6.65,6.69,6.53
1973-07,5.31,5.07,3.62,4.53,5.49,6.27,5.74,5.42,5.59,5.88,9.28,5.34,5.65,5.62
1973-08,10.49,9.21,7.26,7.31,7.37,8.26,9.47,8.41,8.01,8.32,14,8.39,8.4,8.18
1973-09,13.88,12.1,10.33,10,9.79,10.51,12.08,10.81,10.25,10.36,16.23,10.76,10.56,10.26
1973-10,11.53,9.96,7.51,7.73,7.83,8.75,10.15,8.97,8.51,9.02,15.36,9,8.97,8.9
1973-11,13.44,10.96,8.69,8.28,8.16,9.37,11.07,9.35,8.73,9,17.03,9.19,9.13,8.78
1973-12,13.1,10.35,7.74,7.37,7.26,8.71,10.55,8.67,8.06,8.61,17.43,8.56,8.61,8.41
1974-01,23.37,20.23,16.81,16.48,16.19,17.55,20.19,18.03,17.12,17.71,27.91,17.98,17.77,17.53
1974-02,18.23,15.1,12.28,11.19,10.21,11.48,14.96,12.67,11.53,11.93,21.75,12.69,12.36,11.91
1974-03,16.97,14.8,11.87,11.55,11.01,11.9,14.64,12.97,12.05,12.51,20.44,13.05,12.71,12.45
1974-04,15.82,13.7,11.57,10.82,9.91,10.48,13.27,11.76,10.82,11.15,17.39,11.85,11.42,11.21
1974-05,22.53,19.51,16.9,15.47,14.02,14.97,19.03,16.75,15.39,15.62,24.8,16.8,16.23,15.66
1974-06,17.27,14.77,12.86,11.68,10.5,11.25,14.32,12.56,11.55,11.88,18.67,12.61,12.23,11.95
1974-07,16.01,13.96,11.62,11.09,10.51,11.46,13.94,12.36,11.55,11.95,19.18,12.41,12.2,11.91
1974-08,16.91,14.84,12.27,11.87,11.33,12.19,14.68,13.11,12.27,12.69,19.97,13.16,12.88,12.63
1974-09,18.02,15.66,12.65,12.19,11.56,12.64,15.63,13.79,12.83,13.36,22.01,13.9,13.62,13.34
1974-10,20.64,17.59,14.44,13.52,12.7,13.87,17.42,15.08,13.83,13.94,24.47,15.04,14.53,13.82
1974-11,22.27,19.05,15.72,14.74,13.76,14.98,18.81,16.39,15.09,15.41,26.14,16.41,15.92,15.35
1974-12,25.96,21.34,17.32,15.82,14.53,16.44,21.15,17.86,16.31,16.96,31.08,17.83,17.45,16.89
1975-01,24.83,21.15,17.1,16.38,15.69,17.27,21.05,18.35,17.06,17.62,30.11,18.34,17.96,17.46
1975-02,19.19,17.11,13.87,13.62,13.11,14.13,17.12,15.35,14.36,14.78,23.58,15.46,15.11,14.71
1975-03,18.79,16.29,12.99,12.77,12.51,13.56,16.22,14.3,13.33,13.57,23.03,14.27,13.87,13.37
1975-04,17.7,15.42,12.51,12.19,11.91,12.98,15.45,13.63,12.74,12.89,21.82,13.57,13.25,12.69
1975-05,14.6,13.08,10.64,10.76,10.7,11.28,12.92,11.76,11.13,11.36,17.38,11.74,11.44,11.2
1975-06,13.72,12.16,10.42,10.02,9.63,10.25,12.03,10.83,10.19,10.31,15.78,10.8,10.55,10.23
1975-07,10.96,9.31,7.6,7.25,7.01,7.87,9.44,8.2,7.68,7.92,13.74,8.18,8.11,7.84
1975-08,16.64,14.69,13.19,11.87,10.56,11.11,14.28,12.7,11.64,11.64,17.64,12.75,12.27,11.72
1975-09,19.19,16.25,13.43,12.56,11.8,12.95,16.06,13.91,12.84,13.13,22.59,13.87,13.51,13.03
1975-10,24.33,20.73,17.16,15.81,14.4,15.63,20.29,17.57,15.99,16.32,27.97,17.63,16.98,16.31
1975-11,21.79,18.69,15.44,14.42,13.43,14.65,18.5,16.09,14.77,15,25.72,16.11,15.6,14.93
1975-12,23.69,20.94,19.99,17.78,15.57,15.63,19.65,17.86,16.46,16.42,21.35,17.89,17.06,16.66
1976-01,28.36,24.04,20.51,19.17,17.94,19.11,23.27,20.44,18.95,19.37,30.95,20.36,19.7,19.28
1976-02,19.74,16.55,13.27,12.6,11.97,13.22,16.32,14.07,12.99,13.45,23.6,14.02,13.67,13.3
1976-03,21.9,19.2,15.31,14.82,14.31,15.85,19.49,17.08,15.84,16.05,28.13,17.1,16.72,15.86
1976-04,15.76,13.6,11.33,10.87,10.39,11.14,13.34,11.82,11.04,11.32,18.1,11.8,11.49,11.24
1976-05,13.98,12.26,9.69,9.58,9.41,10.51,12.55,11.08,10.44,10.84,18.36,11.13,11.05,10.73
1976-06,14.28,12.49,10.35,10.08,9.76,10.52,12.38,11.06,10.41,10.72,16.94,11.04,10.84,10.62
1976-07,16.02,15.5,15.66,14.59,13.42,13.12,14.94,14.49,13.89,13.67,14.16,14.6,14.14,13.87
1976-08,12.74,11.73,11.15,10.09,8.87,8.96,11.29,10.47,9.74,9.84,12.27,10.61,10.25,10.05
1976-09,15.04,13.75,11.24,11.08,10.84,11.95,14.26,12.84,12.13,12.35,19.99,12.94,12.83,12.27
1976-10,13.83,13.75,13.74,13.39,12.97,12.82,13.54,13.39,13.13,12.94,13.24,13.41,13.19,12.99
1976-11,18.02,16.03,14.38,13.35,12.3,12.86,15.64,14.15,13.21,13.32,19.22,14.19,13.77,13.37
1976-12,18.15,16.01,14.07,12.98,11.83,12.4,15.59,13.94,12.86,12.93,19.59,14.01,13.48,13
1977-01,19.41,17.57,15.97,15.13,14.29,14.73,17.19,15.82,14.95,14.92,20.49,15.82,15.36,14.92
1977-02,17.96,16.48,15.14,14.3,13.39,13.81,16.24,15.06,14.27,14.36,19.06,15.16,14.8,14.45
1977-03,19.78,16.76,13,12.41,12.06,13.92,17.32,14.73,13.61,13.84,26.68,14.7,14.51,13.62
1977-04,20.25,17.85,16.24,14.93,13.68,14.33,17.37,15.68,14.66,14.84,21.16,15.7,15.28,14.93
1977-05,14.57,12.95,11.69,10.69,9.59,9.96,12.54,11.33,10.5,10.7,15.11,11.44,11.06,10.83
1977-06,13.56,11.59,9.64,8.96,8.27,9.07,11.45,9.97,9.19,9.49,15.89,10,9.76,9.47
1977-07,13.22,11.29,9.18,8.62,8.04,9.01,11.32,9.82,9.09,9.48,16.3,9.87,9.72,9.46
1977-08,11.78,10.24,8.65,8.06,7.47,8.23,10.25,9.02,8.38,8.63,14.09,9.06,8.91,8.63
1977-09,15.67,13.15,10.65,9.95,9.35,10.51,13.16,11.28,10.41,10.75,19.21,11.27,11.07,10.68
1977-10,21.08,19.24,17.64,16.92,16.19,16.65,18.85,17.54,16.75,16.82,22.15,17.52,17.12,16.79
1977-11,24.14,20.11,16.43,15.2,14.1,15.57,19.8,16.94,15.51,15.95,28.29,16.93,16.43,15.87
1977-12,23.1,20.8,18.89,18.02,17.15,17.52,20.18,18.63,17.64,17.63,23.82,18.6,18.01,17.6
1978-01,22.87,20.62,18.99,17.76,16.49,16.84,19.95,18.36,17.26,17.23,23.11,18.39,17.76,17.31
1978-02,19.71,17.22,13.85,13.52,13.12,14.26,17.32,15.32,14.27,14.53,24.46,15.39,14.99,14.43
1978-03,20.77,18.22,16.53,15.35,14.31,14.97,17.77,16.05,15.08,15.19,21.82,16.03,15.6,15.22
1978-04,15.72,14.41,13.58,12.59,11.54,11.72,13.99,13.01,12.27,12.29,15.61,13.1,12.71,12.44
1978-05,11.24,10.31,9.58,9.07,8.52,8.73,10.06,9.39,8.94,9.01,11.55,9.41,9.2,9.05
1978-06,15.99,15.09,14.72,13.85,12.97,12.98,14.68,13.99,13.41,13.28,15.33,14.03,13.66,13.38
1978-07,15.69,14.77,13.9,13.49,13.07,13.27,14.57,13.86,13.38,13.3,16.28,13.85,13.57,13.29
1978-08,13.93,13.04,12.15,11.67,11.19,11.41,12.87,12.12,11.59,11.45,14.65,12.12,11.81,11.44
1978-09,21.79,17.99,14.85,13.21,11.83,13.35,17.78,14.92,13.43,13.65,25.71,14.88,14.4,13.61
1978-10,16.1,13.25,10.82,9.6,8.64,9.98,13.26,11.03,9.94,10.11,19.73,10.97,10.71,10.04
1978-11,22.94,20.25,19.31,17.25,15.28,15.74,19.37,17.58,16.39,16.58,21.92,17.6,17.08,16.78
1978-12,22.54,20.99,20.2,18.79,17.33,17.48,20.37,19.17,18.19,18.08,21.91,19.23,18.68,18.24
1979-01,22.9,20.81,19.15,17.89,16.56,16.81,20.12,18.55,17.37,17.22,23.11,18.6,17.87,17.3
1979-02,25.5,23.4,21.72,20.53,19.25,19.46,22.64,21.09,19.94,19.78,25.54,21.11,20.38,19.84
1979-03,24.78,21.62,18.81,17.7,16.74,17.75,21.21,18.92,17.68,17.76,27.5,18.85,18.3,17.66
1979-04,16.68,14.43,12.15,11.44,10.76,11.7,14.35,12.63,11.74,11.99,19.61,12.64,12.35,11.94
1979-05,13.8,13.77,14.08,13.5,12.85,12.5,13.37,13.28,12.96,12.7,12.23,13.32,13,12.79
1979-06,12.91,11.24,9.61,8.9,8.21,8.93,11.17,9.83,9.1,9.26,15.02,9.86,9.62,9.25
1979-07,14.06,12.03,10.45,9.29,8.21,9,11.84,10.23,9.31,9.43,15.84,10.26,9.95,9.47
1979-08,15.38,13.52,11.38,10.8,10.25,11.13,13.57,12.04,11.22,11.37,18.5,12.07,11.8,11.32
1979-09,22.48,19.54,16.95,15.55,14.15,15.15,19.14,16.89,15.56,15.8,24.96,16.94,16.42,15.84
1979-10,21.73,19.09,15.84,15.19,14.46,15.55,18.97,16.85,15.68,15.91,25.8,16.89,16.42,15.82
1979-11,21.5,18.28,15.28,14.13,13.14,14.46,18.17,15.73,14.47,14.69,25.4,15.71,15.3,14.62
1979-12,25.26,21.72,18.27,16.96,15.64,16.87,21.35,18.67,17.15,17.43,28.92,18.71,18.1,17.41
1980-01,18.95,16.75,13.94,13.4,12.83,13.74,16.67,14.84,13.8,13.85,22.54,14.85,14.39,13.74
1980-02,18.85,16.76,14.31,13.58,12.81,13.6,16.61,14.87,13.82,13.85,21.74,14.9,14.42,13.79
1980-03,20.25,18.25,15.82,15.18,14.51,15.29,18.16,16.48,15.49,15.49,23.26,16.52,16.07,15.44
1980-04,15.19,13.93,12.77,12.24,11.66,11.91,13.59,12.68,12.08,12.13,15.78,12.69,12.36,12.13
1980-05,16.41,14.94,12.76,12.52,12.22,12.99,15.06,13.76,13.05,13.16,19.71,13.8,13.54,13.08
1980-06,14.06,12.48,10.49,10.15,9.83,10.7,12.65,11.33,10.7,10.89,17.3,11.36,11.21,10.83
1980-07,16.89,15.5,13.34,13.19,13.03,13.77,15.64,14.38,13.71,13.69,20.24,14.37,14.09,13.55
1980-08,11.46,9.96,8.08,7.77,7.61,8.63,10.35,9.02,8.47,8.57,15.24,9.01,8.95,8.46
1980-09,16.01,13.88,11.35,10.98,10.77,11.99,14.19,12.45,11.71,11.87,20.45,12.4,12.25,11.7
1980-10,19.44,16.84,13.79,13.32,13.06,14.27,17,14.9,13.9,13.8,24.07,14.8,14.41,13.57
1980-11,21.29,17.79,14.29,13.41,12.69,14.09,17.71,15.14,13.88,14.14,25.8,15.1,14.66,14.01
1980-12,23.8,19.85,16.41,14.96,13.77,15.3,19.65,16.72,15.23,15.42,28.04,16.66,16.14,15.33
1981-01,22.84,19.26,15.94,14.65,13.57,14.97,19.06,16.33,14.9,14.99,26.94,16.25,15.71,14.86
1981-02,21.64,19.52,17.32,16.51,15.73,16.36,19.18,17.5,16.46,16.34,23.68,17.45,16.9,16.24
1981-03,19.06,16.81,14.28,13.56,13.01,14.1,16.97,15.06,14.07,14.02,23.02,15.04,14.68,13.91
1981-04,15.23,13.61,12.22,11.46,10.69,11.09,13.26,12.07,11.31,11.35,16.13,12.08,11.7,11.36
1981-05,14.2,12.7,10.54,10.39,10.33,11.22,13,11.67,11.05,11.04,18.01,11.66,11.46,10.91
1981-06,15.85,13.91,11.62,11.14,10.76,11.78,14.08,12.46,11.68,11.78,19.53,12.45,12.22,11.66
1981-07,13.64,12.02,10.16,9.64,9.23,10.1,12.18,10.79,10.09,10.14,16.72,10.79,10.59,10.07
1981-08,9.08,8.41,7.89,7.36,6.86,7.13,8.34,7.73,7.33,7.28,9.68,7.73,7.58,7.3
1981-09,12.72,10.97,8.72,8.66,8.85,9.92,11.33,9.9,9.37,9.38,16.93,9.78,9.69,9.14
1981-10,15.33,13.47,11.12,10.79,10.64,11.67,13.72,12.12,11.37,11.28,19.34,12.03,11.78,11.08
1981-11,15.64,13.34,10.44,10.17,10.13,11.58,13.78,11.86,11.1,11.28,21.04,11.77,11.67,11.03
1981-12,15.34,14.06,12.06,12.03,11.94,12.37,14.02,12.95,12.31,12.2,17.76,12.95,12.56,12.08
1982-01,15.33,12.69,9.75,9.29,9.08,10.55,13.06,10.97,10.12,10.31,20.49,10.91,10.76,10.13
1982-02,18.52,17.05,15.02,14.96,14.91,15.44,16.97,15.83,15.22,15.17,20.98,15.78,15.44,15.02
1982-03,16.51,14.7,13.3,12.36,11.5,12.12,14.49,13.12,12.34,12.42,17.91,13.14,12.85,12.46
1982-04,8.78,7.49,5.64,5.6,5.68,6.72,7.96,6.82,6.45,6.72,12.78,6.81,6.89,6.59
1982-05,11.72,10.44,8.76,8.67,8.75,9.6,10.76,9.67,9.26,9.29,15.02,9.59,9.55,9.12
1982-06,4.96,4.05,3,2.9,3.01,3.99,4.64,3.83,3.69,3.96,8.29,3.81,4.08,3.89
1982-07,8.9,7.86,6.68,6.29,5.93,6.58,7.99,7.08,6.65,6.82,11.01,7.1,7.05,6.8
1982-08,9.98,8.52,6.81,6.6,6.64,7.77,9.02,7.78,7.38,7.54,13.95,7.71,7.8,7.38
1982-09,10.56,8.81,6.95,6.63,6.52,7.64,9.14,7.76,7.27,7.51,14.22,7.69,7.72,7.37
1982-10,15.7,13.92,11.27,11.28,11.37,12.39,14.21,12.7,12.03,12.08,20.12,12.64,12.43,11.85
1982-11,16.88,14.59,11.37,11.31,11.41,12.86,15.1,13.17,12.41,12.61,22.77,13.12,13,12.37
1982-12,16.84,14.35,11.41,10.83,10.39,11.77,14.65,12.59,11.64,11.88,21.81,12.6,12.39,11.75
1983-01,20.08,16.5,13.22,12.2,11.47,13.24,16.63,14,12.88,13.37,25.21,13.91,13.76,13.22
1983-02,17.64,14.98,11.76,11.57,11.47,12.65,15.07,13.11,12.24,12.49,22.2,13.07,12.77,12.3
1983-03,17.13,14.52,12.05,11.14,10.44,11.62,14.54,12.51,11.51,11.63,20.69,12.46,12.16,11.53
1983-04,10.18,8.57,7.12,6.69,6.45,7.26,8.68,7.48,6.99,7.1,12.58,7.41,7.33,7
1983-05,12.05,10.62,8.73,8.67,8.71,9.55,10.84,9.69,9.23,9.36,15.32,9.64,9.56,9.21
1983-06,11.65,9.7,8.09,7.29,6.6,7.49,9.65,8.2,7.51,7.82,13.88,8.2,8.08,7.82
1983-07,9.31,8.44,7.98,7.26,6.5,6.66,8.14,7.5,7.02,7.09,9.14,7.55,7.33,7.19
1983-08,7.8,6.79,6.25,5.57,4.96,5.36,6.7,5.95,5.55,5.68,8.38,5.98,5.89,5.75
1983-09,16.36,14.03,11.1,10.72,10.51,11.87,14.41,12.45,11.59,11.74,21.52,12.42,12.23,11.56
1983-10,16.45,13.76,10.52,10.25,10.21,11.81,14.2,12.07,11.26,11.57,22.27,11.98,11.91,11.32
1983-11,15.89,13.97,12.05,11.46,10.89,11.37,13.63,12.23,11.4,11.38,17.45,12.21,11.74,11.31
1983-12,18.47,16.05,13.63,12.9,12.2,13.12,15.9,14.1,13.16,13.39,21.33,14.12,13.77,13.34
1984-01,17.65,16.23,14.71,14.31,14,14.64,16.27,15.14,14.56,14.57,19.87,15.11,14.9,14.49
1984-02,16.21,13.58,10.48,10.11,9.82,11.11,13.71,11.71,10.83,11.2,20.84,11.69,11.48,11.04
1984-03,13.09,11.14,9.11,8.59,7.98,8.64,10.89,9.51,8.75,9.08,15.11,9.55,9.26,9.07
1984-04,14.97,12.67,10.29,9.64,9.02,9.95,12.56,10.84,9.95,10.19,17.92,10.85,10.54,10.14
1984-05,12.81,11.03,9.12,8.68,8.16,8.76,10.81,9.54,8.85,9.15,14.72,9.59,9.31,9.14
1984-06,11.84,9.92,7.91,7.4,6.96,7.91,9.99,8.52,7.86,8.18,14.88,8.54,8.41,8.12
1984-07,13.46,11.94,9.98,9.67,9.29,9.97,11.96,10.74,10.08,10.29,16.12,10.8,10.56,10.26
1984-08,6.89,6.04,5.02,4.84,4.74,5.42,6.33,5.59,5.33,5.54,9.22,5.59,5.67,5.49
1984-09,13.72,11.61,9.24,8.86,8.64,9.71,11.79,10.14,9.41,9.52,17.52,10.07,9.89,9.37
1984-10,13.96,11.79,8.91,8.78,8.77,10.13,12.22,10.45,9.76,10.07,19.21,10.42,10.35,9.87
1984-11,13.78,11.43,8.12,8.25,8.38,9.68,11.74,9.97,9.27,9.76,19.1,9.98,9.87,9.57
1984-12,15.35,12.6,9.39,9.12,8.92,10.24,12.73,10.72,9.87,10.31,20.08,10.7,10.51,10.15
1985-01,13.23,10.7,7.93,7.52,7.14,8.11,10.6,8.8,7.93,8.22,16.61,8.81,8.48,8.13
1985-02,18.79,16.91,14.78,14.24,13.65,14.32,16.79,15.33,14.49,14.61,21.26,15.38,15.01,14.6
1985-03,12.69,11.47,9.93,9.69,9.48,10.19,11.65,10.63,10.16,10.32,15.34,10.64,10.55,10.26
1985-04,17.25,14.44,11.37,10.78,10.25,11.49,14.45,12.36,11.37,11.74,21.46,12.38,12.08,11.64
1985-05,11.54,9.74,7.52,7.24,6.92,7.82,9.83,8.44,7.79,8.15,14.81,8.48,8.34,8.09
1985-06,10.86,9.17,7.32,6.85,6.41,7.33,9.32,7.98,7.36,7.68,13.87,8.02,7.93,7.66
1985-07,8.52,7.11,5.37,5.12,5,6.04,7.51,6.3,5.87,6.15,12.19,6.31,6.37,6.06
1985-08,12.78,11.01,8.25,8.51,8.86,10.17,11.64,10.17,9.7,10.06,18.31,10.16,10.22,9.85
1985-09,13.38,11.35,8.94,8.59,8.41,9.56,11.66,9.99,9.28,9.39,17.62,9.95,9.79,9.23
1985-10,12.99,10.87,8.41,8.11,7.82,8.74,10.87,9.3,8.57,8.86,16.3,9.29,9.06,8.74
1985-11,16.49,13.86,10.57,10.26,9.96,11.08,13.87,11.86,10.87,11.1,20.89,11.86,11.47,10.94
1985-12,15.95,13.32,10.17,9.77,9.41,10.75,13.53,11.51,10.61,11.07,20.84,11.55,11.36,10.96
1986-01,21.08,18.19,15.37,14.55,13.81,14.86,17.98,15.88,14.8,15.01,24.31,15.86,15.43,14.92
1986-02,15.2,12.6,10.47,9.74,8.88,9.53,12.08,10.52,9.71,10.4,16.46,10.63,10.34,10.5
1986-03,19.53,17.49,15.48,14.7,13.97,14.77,17.39,15.79,14.9,15,22.01,15.8,15.47,14.98
1986-04,12.85,11.48,10.22,9.82,9.42,9.86,11.31,10.36,9.87,10.04,14.06,10.37,10.17,10.02
1986-05,14.92,12.93,10.56,10.3,10.22,11.53,13.42,11.8,11.21,11.5,19.66,11.79,11.8,11.36
1986-06,12.44,10.25,7.88,7.51,7.22,8.33,10.41,8.79,8.12,8.53,16.15,8.8,8.7,8.44
1986-07,10.44,8.81,7.08,6.65,6.37,7.31,9.02,7.71,7.15,7.32,13.53,7.68,7.61,7.24
1986-08,11.92,10.21,7.94,7.74,7.6,8.62,10.52,9.1,8.48,8.72,15.9,9.12,9.01,8.61
1986-09,10.66,8.66,7.03,6.15,5.41,6.28,8.6,7.09,6.34,6.55,12.88,7.08,6.9,6.53
1986-10,13.11,10.74,8.2,7.8,7.62,8.98,11.06,9.24,8.55,8.85,17.64,9.17,9.12,8.68
1986-11,17.34,14.75,11.83,11.38,11.08,12.48,15.02,13.02,12.17,12.5,22.19,12.98,12.84,12.34
1986-12,20.08,16.55,13.11,12.17,11.49,13.03,16.59,13.96,12.74,12.97,24.95,13.9,13.53,12.83
1987-01,15.48,13.31,11,10.46,9.89,10.55,13.02,11.46,10.58,10.76,17.7,11.47,11.05,10.71
1987-02,14.18,12.25,10.18,9.62,9.13,9.87,12.18,10.67,9.86,9.87,16.79,10.66,10.31,9.79
1987-03,18.29,16.4,13.86,13.58,13.28,14.1,16.42,14.88,14.06,14.15,21.74,14.9,14.54,14.04
1987-04,12.66,10.53,8.63,7.87,7.22,8.19,10.54,8.96,8.2,8.49,15.38,8.98,8.81,8.48
1987-05,14.38,12.32,9.76,9.54,9.25,10.14,12.28,10.77,10.05,10.44,17.7,10.8,10.58,10.36
1987-06,8.85,8.23,7.51,7.22,6.91,7.22,8.24,7.69,7.37,7.46,9.9,7.73,7.64,7.47
1987-07,12.89,11.64,10.03,9.83,9.55,9.97,11.48,10.54,10,10.13,14.57,10.56,10.3,10.08
1987-08,12.7,11.17,9.44,9.1,8.78,9.34,11.08,9.91,9.29,9.34,14.75,9.9,9.62,9.27
1987-09,13.96,12.43,10.95,10.42,9.96,10.55,12.32,11.14,10.52,10.55,15.73,11.11,10.86,10.49
1987-10,15,13.57,11.7,11.6,11.47,11.87,13.42,12.36,11.75,11.73,16.96,12.33,11.97,11.61
1987-11,14.4,12.37,10.9,10.11,9.37,9.86,11.95,10.62,9.88,10.02,15.2,10.6,10.25,10.02
1987-12,16.46,14.34,12.59,11.84,11.01,11.5,13.92,12.53,11.73,12.03,17.49,12.61,12.23,12.11
1988-01,17.74,15.62,13.52,13.06,12.62,13.29,15.39,13.93,13.18,13.37,19.87,13.92,13.59,13.3
1988-02,17.82,16.04,14.41,13.76,13.14,13.69,15.81,14.52,13.78,13.87,19.38,14.51,14.19,13.85
1988-03,15.99,14.05,12.44,11.58,10.77,11.41,13.84,12.42,11.61,11.75,17.58,12.45,12.13,11.79
1988-04,11.73,10.27,9.13,8.5,7.94,8.41,10.07,9.02,8.44,8.51,12.76,8.99,8.76,8.5
1988-05,12.03,10.87,9.72,9.39,9.1,9.52,10.77,9.91,9.47,9.51,13.35,9.88,9.7,9.45
1988-06,7.44,6.29,5.43,5.05,4.79,5.29,6.25,5.46,5.14,5.3,8.61,5.41,5.37,5.25
1988-07,8.15,7.85,7.15,7.41,7.76,8.24,8.23,7.93,7.95,8.06,10.25,7.89,8.05,7.95
1988-08,10.2,10.01,9.6,9.58,9.56,9.77,10.13,9.88,9.77,9.76,11.16,9.88,9.86,9.72
1988-09,13.82,12.05,10.6,9.92,9.37,10.09,11.97,10.67,10.02,10.14,15.68,10.62,10.43,10.08
1988-10,13.94,12.54,11.01,10.75,10.48,10.98,12.43,11.43,10.92,11.08,15.66,11.43,11.22,11.02
1988-11,11.92,10.33,8.92,8.34,7.77,8.24,10.07,8.95,8.32,8.46,13.11,8.95,8.68,8.45
1988-12,15.98,13.26,11.03,10.05,9.23,10.3,13.07,11.15,10.22,10.55,18.63,11.11,10.86,10.5
1989-01,14.85,13.28,11.72,11.34,11.05,11.86,13.33,12.17,11.68,11.95,17.28,12.11,12.06,11.85
1989-02,18.86,16.39,14.08,13.3,12.66,13.77,16.37,14.52,13.65,13.91,22.1,14.48,14.26,13.82
1989-03,18.83,16.7,14.62,13.98,13.34,14.07,16.45,14.92,14.09,14.33,20.96,14.91,14.58,14.28
1989-04,11.92,10.54,9.24,8.78,8.26,8.64,10.26,9.31,8.76,8.99,12.87,9.34,9.1,8.99
1989-05,10.75,9.82,8.77,8.5,8.17,8.5,9.71,9.01,8.6,8.73,11.87,9.03,8.87,8.72
1989-06,11.96,10.87,10.02,9.53,9.03,9.21,10.56,9.81,9.33,9.35,12.21,9.8,9.53,9.35
1989-07,10.08,8.95,8.2,7.58,6.99,7.28,8.71,7.92,7.44,7.51,10.46,7.93,7.73,7.55
1989-08,12.74,11.5,10.46,9.91,9.43,9.88,11.38,10.44,9.91,9.93,13.89,10.41,10.21,9.9
1989-09,12.72,11.35,10.14,9.7,9.31,9.65,11.09,10.14,9.6,9.6,13.61,10.1,9.81,9.54
1989-10,14.38,12.82,11.21,10.89,10.64,11.27,12.81,11.67,11.13,11.24,16.52,11.64,11.45,11.16
1989-11,15.87,14,11.95,11.55,11,11.41,13.62,12.35,11.57,11.8,17.35,12.42,11.99,11.81
1989-12,15.9,14.05,11.97,11.61,11.06,11.39,13.59,12.35,11.57,11.79,17.16,12.42,11.95,11.79
1990-01,17.92,16.3,14.01,13.99,13.91,14.68,16.35,15.09,14.51,14.75,21.15,15.08,14.89,14.61
1990-02,23.01,19.91,17.01,16.13,15.34,16.57,19.75,17.56,16.5,16.95,26.56,17.56,17.25,16.89
1990-03,19.06,17.08,15.3,14.46,13.59,14.24,16.77,15.31,14.47,14.74,20.65,15.35,15.03,14.76
1990-04,15.07,13.31,12,11.21,10.36,10.67,12.79,11.64,10.9,11.07,15.33,11.67,11.28,11.12
1990-05,10.82,9.75,8.92,8.44,7.81,7.83,9.25,8.6,8.1,8.25,10.42,8.65,8.33,8.32
1990-06,15.62,14.58,13.52,13.09,12.5,12.44,14.06,13.35,12.75,12.71,15.41,13.4,12.94,12.75
1990-07,15.14,13.68,12.54,11.86,11.06,11.19,13.16,12.21,11.52,11.64,15.07,12.27,11.85,11.71
1990-08,9.83,8.92,8.08,7.72,7.3,7.55,8.71,8.07,7.68,7.84,10.39,8.1,7.94,7.86
1990-09,14.88,13.33,12.15,11.36,10.57,10.86,12.91,11.8,11.07,11.05,15.27,11.79,11.39,11.06
1990-10,16.26,15.17,13.83,13.54,13.09,13.33,14.93,14.13,13.58,13.73,17.27,14.21,13.9,13.75
1990-11,18.14,15.88,13.8,13.09,12.27,12.56,15.19,13.71,12.74,12.85,18.8,13.73,13.12,12.85
1990-12,15.34,13.77,12.26,11.68,11.03,11.43,13.46,12.34,11.65,11.82,16.46,12.38,12.05,11.83
1991-01,18.59,16.62,14.47,13.96,13.33,13.82,16.23,14.83,13.97,14.15,20.28,14.86,14.4,14.11
1991-02,17.35,15,12.74,11.98,11.06,11.45,14.34,12.76,11.73,11.93,18.35,12.81,12.22,11.96
1991-03,14.14,12.47,10.82,10.25,9.57,9.99,12.15,10.97,10.24,10.45,15.38,11.04,10.69,10.49
1991-04,20.41,18.21,16.14,15.28,14.35,14.86,17.73,16.15,15.14,15.25,21.77,16.18,15.65,15.27
1991-05,14.45,12.67,11.2,10.45,9.62,9.94,12.17,10.97,10.18,10.32,14.96,11,10.57,10.36
1991-06,15.47,13.94,12.24,11.9,11.55,11.94,13.7,12.59,11.93,11.9,16.98,12.58,12.19,11.83
1991-07,12.41,10.84,9.44,8.96,8.52,9.08,10.73,9.64,9.09,9.29,13.97,9.66,9.47,9.29
1991-08,12.22,10.98,9.96,9.32,8.63,8.93,10.69,9.78,9.18,9.26,12.78,9.81,9.52,9.3
1991-09,13.85,12.19,10.58,10.02,9.39,9.87,11.89,10.7,10,10.18,15.16,10.72,10.4,10.17
1991-10,20.07,17.81,15.68,14.83,13.86,14.24,17.19,15.6,14.55,14.63,21.04,15.64,15.02,14.65
1991-11,20.7,18.43,16.11,15.51,14.87,15.49,18.07,16.45,15.52,15.63,22.72,16.44,15.96,15.56
1991-12,13.77,11.68,9.92,9.21,8.54,9.29,11.47,10.02,9.3,9.61,15.64,10.01,9.8,9.59
1992-01,11.01,9.07,7.58,6.77,6,6.67,8.83,7.51,6.82,7.14,12.36,7.58,7.36,7.22
1992-02,14.72,12.64,10.79,10.21,9.68,10.44,12.42,11.02,10.35,10.67,16.61,11.05,10.84,10.68
1992-03,17.12,14.27,11.58,11.17,10.95,12.03,14.14,12.29,11.53,11.89,20.35,12.24,12,11.77
1992-04,12.61,11.07,9.41,9.27,9.03,9.51,10.83,9.89,9.44,9.86,14.07,9.95,9.79,9.87
1992-05,19.79,17.33,15.29,14.67,13.99,14.26,16.58,15.12,14.23,14.37,20.16,15.1,14.5,14.34
1992-06,16.3,14.23,12.25,11.8,11.29,11.59,13.65,12.33,11.53,11.6,17.13,12.3,11.78,11.54
1992-07,10.53,8.79,6.98,6.78,6.66,7.41,8.76,7.58,7.11,7.41,12.91,7.55,7.45,7.32
1992-08,12.03,9.94,7.68,7.56,7.5,8.36,9.89,8.53,7.99,8.38,14.87,8.53,8.39,8.3
1992-09,12.05,9.69,7.25,7.04,6.82,7.6,9.47,8.01,7.37,7.85,14.48,8.1,7.86,7.86
1992-10,10.37,8.21,6.22,5.69,5.15,5.83,7.93,6.54,5.83,6.21,12.11,6.64,6.36,6.28
1992-11,15.58,12.63,10.01,9.54,9.17,10.13,12.29,10.49,9.72,10.21,18.06,10.49,10.22,10.17
1992-12,12.26,9.63,7.22,6.79,6.47,7.42,9.41,7.75,7.05,7.52,14.86,7.73,7.54,7.46
1993-01,30.02,26.35,22.84,21.94,21.02,21.83,25.52,23.07,21.66,21.81,32.29,22.96,22.16,21.64
1993-02,14.01,11.19,8.83,8.06,7.38,8.23,10.78,9,8.12,8.53,15.92,9.07,8.72,8.59
1993-03,13.57,11.13,8.76,8.45,8.26,9.15,10.95,9.41,8.77,9.14,16.16,9.45,9.23,9.12
1993-04,15.49,13.9,11.99,11.85,11.57,11.94,13.56,12.51,11.91,12.16,16.96,12.53,12.19,12.1
1993-05,8.64,7.55,6.17,6.3,6.28,6.69,7.44,6.86,6.64,7.2,10.02,7.01,6.99,7.28
1993-06,11.83,10.56,9.21,9.02,8.8,9.13,10.32,9.46,9,9.09,12.93,9.42,9.17,9
1993-07,11.26,9.7,8.1,7.79,7.57,8.23,9.69,8.58,8.08,8.25,13.37,8.6,8.44,8.22
1993-08,8.98,7.4,5.79,5.62,5.58,6.23,7.37,6.32,5.9,6.07,11.04,6.31,6.17,6.01
1993-09,8.74,7.14,5.27,5.4,5.54,6.18,7.11,6.16,5.82,6.19,11.01,6.22,6.12,6.17
1993-10,7.88,6.02,4.25,3.97,3.69,4.25,5.79,4.66,4.13,4.47,9.42,4.74,4.52,4.51
1993-11,10.11,8.12,5.43,5.92,6.39,7.21,8.11,6.94,6.57,7.06,13.44,6.99,6.87,6.96
1993-12,16.27,13.59,11.46,10.58,9.71,10.49,13.22,11.53,10.65,11.12,17.88,11.7,11.37,11.3
1994-01,17.58,14.12,11.02,10.28,9.63,10.7,13.71,11.51,10.46,10.96,20.42,11.56,11.14,10.97
1994-02,13.61,11.01,8.14,8.48,8.89,9.77,10.83,9.42,8.98,9.56,16.65,9.44,9.29,9.46
1994-03,21.22,17.31,14.49,13.1,11.8,12.9,16.63,14.17,12.92,13.55,23.08,14.2,13.75,13.62
1994-04,15.37,12.52,10.1,9.43,8.82,9.64,12.11,10.35,9.49,9.92,17.31,10.41,10.06,9.96
1994-05,10.02,8.37,6.5,6.73,6.95,7.49,8.16,7.27,6.98,7.43,11.84,7.22,7.14,7.31
1994-06,13.95,11.47,9.4,8.81,8.31,9.07,11.14,9.58,8.86,9.21,15.77,9.57,9.3,9.18
1994-07,8.15,6.69,5.04,5.07,5.31,5.98,6.78,5.78,5.43,5.42,10.6,5.71,5.58,5.28
1994-08,9.71,7.97,6.55,6.04,5.59,6.12,7.76,6.65,6.1,6.33,10.93,6.7,6.49,6.39
1994-09,9.98,7.91,5.91,5.54,5.26,6.01,7.74,6.39,5.77,6.07,12.16,6.4,6.19,6.03
1994-10,11.33,9.18,7.04,6.64,6.45,7.47,9.3,7.75,7.11,7.29,14.61,7.71,7.57,7.19
1994-11,13.51,10.66,8.03,7.61,7.42,8.52,10.54,8.68,7.93,8.21,16.73,8.58,8.35,8.05
1994-12,23.17,19.84,16.62,15.9,15.33,16.36,19.46,17.16,15.99,16.09,26.42,17.03,16.47,15.89
1995-01,16.87,13.96,10.81,10.61,10.67,11.98,14.02,11.98,11.19,11.4,21.43,11.79,11.57,11.08
1995-02,18.89,15.12,12.07,10.89,9.91,11.24,14.77,12.25,11.05,11.51,22.07,12.23,11.85,11.49
1995-03,17.41,14.16,11.25,10.52,9.97,11.16,13.95,11.77,10.8,11.17,20.76,11.71,11.39,11.06
1995-04,12.85,10.13,7.61,7.15,6.77,7.69,9.81,8.07,7.31,7.74,15.4,7.98,7.74,7.61
1995-05,17.85,15.46,13.52,12.59,11.77,12.32,14.97,13.3,12.32,12.25,19.08,13.23,12.7,12.19
1995-06,10.96,8.85,6.53,6.3,6.14,7.03,8.8,7.35,6.73,7.05,13.93,7.35,7.17,6.97
1995-07,10.07,8.7,7.54,6.98,6.43,6.95,8.62,7.64,7.12,7.34,11.37,7.72,7.57,7.43
1995-08,7.8,6.71,5.53,5.34,5.08,5.43,6.55,5.83,5.46,5.74,8.9,5.88,5.75,5.77
1995-09,10.06,8.19,6.06,5.86,5.63,6.35,8.08,6.79,6.19,6.53,12.6,6.8,6.6,6.47
1995-10,15.18,12.02,8.86,8.56,8.43,9.75,11.98,9.91,9.12,9.63,19.33,9.84,9.66,9.45
1995-11,14.93,12.27,9.24,9.28,9.45,10.47,12.19,10.43,9.74,10,18.73,10.28,10.01,9.71
1995-12,14.4,11.99,8.98,9.3,9.6,10.26,11.66,10.18,9.55,9.79,17.29,10.06,9.67,9.51
1996-01,12.86,10.46,7.6,8.06,8.68,9.82,10.59,9.14,8.8,9.29,17.01,9.03,9.03,9.03
1996-02,13.69,11.19,8.52,8.46,8.39,9.2,10.95,9.39,8.73,9.15,16.5,9.31,9.06,8.98
1996-03,9.94,7.88,5.17,5.56,5.98,6.93,7.99,6.71,6.32,6.8,13.66,6.78,6.69,6.72
1996-04,19.09,16.89,14.51,14.1,13.71,14.29,16.52,14.97,14.1,14.08,21.2,14.88,14.38,13.92
1996-05,10.3,8.35,6.08,6.19,6.23,6.9,8.19,7.03,6.58,7.09,12.7,7.08,6.93,7.04
1996-06,12.83,10.25,7.94,7.45,7.04,7.86,9.95,8.33,7.58,7.94,15.01,8.31,8.03,7.89
1996-07,9.14,7.89,6.42,6.3,6.21,6.78,7.91,7.02,6.63,6.83,11.14,7.06,6.95,6.81
1996-08,8.83,7.28,5.53,5.52,5.57,6.24,7.32,6.28,5.9,6.14,11.29,6.25,6.16,6.04
1996-09,13.84,11.19,8.57,8.2,7.84,8.64,10.85,9.16,8.35,8.72,16.31,9.12,8.78,8.62
1996-10,15.83,12.53,9.33,8.96,8.79,10.1,12.49,10.36,9.52,9.99,19.92,10.35,10.11,9.88
1996-11,14.73,11.4,8.6,7.68,6.95,8.17,11.16,8.93,7.91,8.32,17.86,8.91,8.6,8.27
1996-12,9.69,7.69,5.78,5.53,5.26,5.94,7.45,6.24,5.73,6.25,11.53,6.26,6.13,6.23
1997-01,9.45,7.35,5.38,4.96,4.68,5.53,7.32,5.88,5.27,5.53,12.02,5.85,5.69,5.46
1997-02,22.72,18.77,15.36,14.38,13.56,14.92,18.38,15.78,14.57,15.1,26.28,15.68,15.29,14.97
1997-03,13.22,11.16,8.89,8.78,8.73,9.59,11.07,9.68,9.12,9.44,16.11,9.56,9.42,9.24
1997-04,8.92,7.45,5.85,5.77,5.76,6.39,7.42,6.42,6.04,6.26,11.05,6.34,6.26,6.13
1997-05,9.47,7.83,6,6.06,6.04,6.61,7.67,6.71,6.34,6.85,11.42,6.71,6.63,6.77
1997-06,17.13,14.62,11.92,11.7,11.42,12.07,14.22,12.61,11.79,12.07,19.44,12.58,12.14,11.94
1997-07,9.37,7.91,6.38,6.16,5.88,6.4,7.77,6.81,6.35,6.7,11,6.85,6.71,6.7
1997-08,8.87,7.74,6.58,6.42,6.13,6.44,7.51,6.87,6.54,6.96,9.65,6.99,6.88,7.06
1997-09,11.91,9.35,6.79,6.46,6.23,7.28,9.29,7.59,6.91,7.39,15.2,7.58,7.43,7.31
1997-10,9.94,7.91,5.84,5.67,5.53,6.32,7.83,6.52,6.01,6.43,12.49,6.5,6.39,6.35
1997-11,12.55,11.05,8.93,9.31,9.66,10.2,10.98,10.03,9.67,9.89,15.08,9.94,9.76,9.67
1997-12,14.11,12.16,10.11,9.8,9.4,10.09,11.97,10.66,10.04,10.48,16.33,10.67,10.49,10.44
1998-01,11.51,9.98,8.72,8.31,7.86,8.35,9.79,8.86,8.43,8.88,12.59,8.96,8.86,8.97
1998-02,15.72,13.28,10.77,10.44,10.25,11.31,13.26,11.56,10.86,11.17,19.15,11.46,11.28,10.98
1998-03,11.54,9.52,7.49,7.29,7.06,7.79,9.36,8.09,7.56,8.04,13.79,8.09,7.96,7.98
1998-04,10.67,8.83,6.44,6.66,6.89,7.72,8.9,7.71,7.29,7.69,13.92,7.76,7.65,7.61
1998-05,10.19,8.38,6.28,6.33,6.3,6.95,8.24,7.15,6.71,7.23,12.5,7.2,7.08,7.21
1998-06,9.6,8.09,6.26,6.4,6.54,7.19,8.12,7.16,6.84,7.21,12.07,7.14,7.09,7.1
1998-07,10.43,9.28,7.89,7.85,7.77,8.31,9.32,8.51,8.19,8.53,12.43,8.51,8.48,8.46
1998-08,9.68,8.82,7.76,7.7,7.49,7.78,8.69,8.15,7.87,8.25,10.68,8.22,8.15,8.28
1998-09,14.59,12.77,10.7,10.52,10.34,10.9,12.59,11.33,10.7,10.81,16.76,11.31,10.98,10.71
1998-10,14.03,11.96,9.32,9.57,9.72,10.47,11.83,10.53,10.01,10.51,17.1,10.48,10.31,10.33
1998-11,13.5,11.36,8.92,8.9,8.86,9.68,11.25,9.85,9.28,9.71,16.46,9.78,9.62,9.55
1998-12,16.05,13.49,11.16,10.57,9.98,10.81,13.14,11.47,10.66,11.11,18.22,11.44,11.16,11.03
1999-01,14.28,11.94,9.76,9.31,8.83,9.66,11.69,10.19,9.51,10.05,16.55,10.17,10.01,9.99
1999-02,14.38,12.07,9.72,9.47,9.22,10.07,11.85,10.38,9.76,10.29,16.96,10.34,10.2,10.2
1999-03,13.13,10.97,8.75,8.52,8.34,9.13,10.79,9.4,8.81,9.18,15.58,9.4,9.2,9.11
1999-04,12.68,10.85,8.76,8.72,8.68,9.38,10.78,9.63,9.15,9.55,15.1,9.74,9.58,9.59
1999-05,12.07,10.2,8.23,8.08,7.86,8.51,10.01,8.85,8.35,8.86,14.13,8.87,8.74,8.81
1999-06,8.86,7.61,5.94,6.14,6.28,6.81,7.56,6.77,6.5,6.88,10.97,6.74,6.7,6.76
1999-07,9.57,8.15,6.48,6.45,6.3,6.81,8.01,7.14,6.75,7.21,11.32,7.22,7.11,7.23
1999-08,7.92,6.66,4.91,5.21,5.47,6.03,6.65,5.89,5.66,6.05,10.15,5.91,5.87,5.97
1999-09,9.55,7.91,5.6,6.07,6.49,7.29,7.99,6.98,6.7,7.2,12.81,6.93,6.93,7.01
1999-10,10.82,8.95,6.62,6.83,7.01,7.87,8.94,7.76,7.38,7.96,13.91,7.73,7.71,7.81
1999-11,12.39,10.09,7.61,7.37,7.04,7.87,9.88,8.4,7.73,8.3,15.02,8.47,8.27,8.29
1999-12,14.02,11.86,9.54,9.32,9.04,9.93,11.8,10.38,9.79,10.39,16.92,10.42,10.32,10.34
2000-01,13.99,11.34,8.5,8.25,7.93,8.85,11.06,9.4,8.64,9.27,16.85,9.48,9.23,9.26
2000-02,16.6,14.08,11.47,11.2,10.95,11.9,13.9,12.26,11.55,12.04,19.6,12.22,12.02,11.92
2000-03,10.36,8.92,7.48,7.11,6.7,7.26,8.78,7.79,7.3,7.64,11.92,7.84,7.71,7.66
2000-04,13.66,12.26,10.43,10.27,9.97,10.4,12.04,11.02,10.43,10.65,15.43,11.03,10.75,10.58
2000-05,8.88,7.58,5.89,6.03,6.06,6.56,7.5,6.73,6.42,6.87,10.75,6.85,6.76,6.91
2000-06,9.85,8.41,6.6,6.75,6.87,7.49,8.38,7.48,7.16,7.55,12.14,7.48,7.42,7.46
2000-07,7.51,6.41,4.79,5.09,5.34,5.86,6.45,5.75,5.53,5.86,9.73,5.75,5.71,5.75
2000-08,7.25,6.13,4.7,4.77,4.83,5.39,6.21,5.45,5.19,5.47,9.35,5.49,5.47,5.44
2000-09,7.95,6.8,4.83,5.38,5.95,6.66,7.04,6.27,6.1,6.41,11.17,6.26,6.28,6.26
2000-10,13.47,11.36,8.65,8.87,9.01,9.97,11.38,10.02,9.53,10.14,17.1,10.03,9.96,10.01
2000-11,11.59,9.67,6.84,7.36,8.05,9.23,10.12,8.74,8.39,8.67,16.64,8.69,8.7,8.44
2000-12,13.63,11.77,9.11,9.64,10.12,10.83,11.74,10.58,10.18,10.55,16.98,10.48,10.32,10.28
2001-01,13.21,9.79,6.64,7.3,7.68,8.69,9.1,8.17,7.6,8.26,16.66,8.17,7.68,7.94
2001-02,12.63,9.58,6.77,7.15,7.3,8.2,8.99,8.01,7.4,7.98,15.73,8.02,7.57,7.73
2001-03,13.3,10.22,7.38,8.46,9.14,10.01,9.44,9.13,8.74,9.43,15.88,9.18,8.62,9.05
2001-04,12.29,10.12,7.58,7.96,8.16,8.99,9.8,8.85,8.32,8.75,15.5,8.89,8.51,8.55
2001-05,8.39,6.6,4.86,5.42,5.71,6.26,6.18,5.93,5.69,6.27,9.92,6.06,5.79,6.17
2001-06,10.34,7.93,5.95,6.72,7.14,7.83,7.28,7.2,6.93,7.58,11.94,7.3,6.89,7.34
2001-07,6.98,6.36,5.12,5.64,6.01,6.45,6.32,6.12,6.03,6.42,8.66,6.17,6.1,6.32
2001-08,8.26,6.38,4.61,5.08,5.42,6.1,6.08,5.65,5.38,5.79,10.39,5.64,5.41,5.56
2001-09,12.27,9.41,6.46,7.26,7.82,8.82,8.94,8.2,7.72,8.26,16.1,8.19,7.75,7.9
2001-10,13.98,10.79,7.62,8.31,8.76,9.88,10.25,9.3,8.76,9.48,17.46,9.35,8.9,9.19
2001-11,13.27,9.35,6.43,6.62,6.58,7.63,8.63,7.53,6.84,7.51,16.32,7.61,7.11,7.32
2001-12,10.59,8.07,5.41,5.71,5.88,6.85,7.84,6.71,6.18,6.78,14.84,6.77,6.5,6.64
2002-01,14.76,11.43,8.41,8.94,9.27,10.51,10.87,9.89,9.29,9.94,18.21,9.86,9.4,9.58
2002-02,18.29,14.33,10.78,11.29,11.53,12.86,13.61,12.43,11.65,12.42,21.81,12.49,11.87,12.11
2002-03,13.8,10.24,7.6,8.27,8.57,9.51,9.36,8.9,8.41,9.13,15.78,8.97,8.41,8.81
2002-04,11.98,9.36,6.78,7.37,7.73,8.63,8.9,8.21,7.77,8.38,15.08,8.3,7.91,8.18
2002-05,11.01,8.54,6.23,7.01,7.53,8.41,8.13,7.75,7.48,8.18,13.88,7.89,7.56,7.98
2002-06,12.61,9.86,7.42,7.91,8.19,9.04,9.36,8.64,8.21,8.81,15.33,8.7,8.33,8.59
2002-07,8.38,6.84,5.02,5.42,5.72,6.35,6.74,6.1,5.82,6.21,11.35,6.1,5.95,6.04
2002-08,7.96,6.31,4.4,4.7,4.93,5.62,6.23,5.44,5.11,5.5,11.07,5.43,5.3,5.33
2002-09,7.54,5.49,3.5,3.96,4.28,4.95,5.21,4.64,4.33,4.75,10.43,4.71,4.45,4.61
2002-10,11.48,8.4,5.6,6.41,6.89,7.77,7.69,7.19,6.74,7.45,14.26,7.26,6.77,7.16
2002-11,16.85,12.53,8.85,9.74,10.17,11.46,11.48,10.75,10.02,10.82,19.99,10.81,10.03,10.38
2002-12,7.61,5.4,3.26,4.6,5.57,6.4,4.9,5.12,5.1,5.91,10.21,5.3,4.98,5.67
2003-01,13.5,10.5,7.52,7.8,7.94,9.03,10.09,8.83,8.19,8.82,17.27,8.86,8.48,8.6
2003-02,11.34,8.6,6.03,7.04,7.75,8.72,8.04,7.73,7.43,8.1,14.27,7.8,7.38,7.8
2003-03,10.73,8.14,5.85,6.36,6.65,7.46,7.67,7.06,6.67,7.24,13.43,7.14,6.79,7.05
2003-04,8.89,6.68,4.61,5.61,6.35,7.15,6.25,6.22,6.07,6.72,11.55,6.37,6.01,6.49
2003-05,13.1,10.32,7.7,8.36,8.75,9.7,9.83,9.19,8.77,9.4,16.09,9.28,8.87,9.15
2003-06,11.11,8.1,5.98,6.75,7.16,7.92,7.29,7.22,6.91,7.58,12.61,7.34,6.84,7.33
2003-07,10.3,7.86,5.71,6.28,6.6,7.32,7.4,6.92,6.59,7.16,12.85,6.97,6.66,6.94
2003-08,7.82,5.8,4.05,4.55,4.85,5.5,5.41,5.1,4.84,5.33,9.73,5.18,4.91,5.17
2003-09,9.79,7.15,4.88,5.21,5.37,6.15,6.73,5.93,5.47,5.91,12.6,5.92,5.59,5.68
2003-10,10.3,7.2,4.67,5.37,5.76,6.62,6.55,6.11,5.72,6.47,12.92,6.28,5.85,6.31
2003-11,13.59,10.19,7.13,7.6,7.87,9.01,9.65,8.62,8.01,8.68,17.3,8.69,8.23,8.44
2003-12,10.3,7.84,5.26,5.55,5.73,6.73,7.69,6.55,6.06,6.66,14.69,6.62,6.39,6.54
2004-01,12.75,10.08,7.32,7.29,7.25,8.33,9.92,8.4,7.72,8.21,17.03,8.39,8.12,8.04
2004-02,11.82,9.01,6.34,6.48,6.51,7.44,8.68,7.46,6.84,7.35,15.59,7.49,7.15,7.19
2004-03,12.72,9.68,7.03,7.69,8.07,9.04,9.13,8.52,8.07,8.77,15.84,8.64,8.2,8.54
2004-04,11.85,9.42,6.78,7.43,7.9,8.87,9.1,8.33,7.91,8.46,15.69,8.37,8.03,8.2
2004-05,9.32,7.46,5.45,5.78,5.96,6.63,7.2,6.5,6.13,6.56,11.95,6.57,6.33,6.46
2004-06,11.88,9.19,6.78,7.15,7.32,8.17,8.76,7.96,7.48,8.02,14.96,8.02,7.67,7.84
2004-07,8.42,6.88,5.21,5.66,5.96,6.56,6.7,6.25,6.01,6.42,10.81,6.28,6.1,6.25
2004-08,7.91,6.26,4.62,5.19,5.59,6.28,5.99,5.76,5.56,6.03,9.82,5.82,5.61,5.86
2004-09,13.35,10.19,7.26,7.98,8.45,9.5,9.64,8.86,8.39,9.11,16.47,8.87,8.46,8.76
2004-10,9.67,7.13,4.8,5.67,6.25,7.16,6.68,6.4,6.14,6.9,12.58,6.53,6.2,6.68
2004-11,11.9,8.73,6.2,6.56,6.7,7.74,8.17,7.41,6.86,7.48,14.82,7.49,7.05,7.26
2004-12,16.24,11.96,8.4,8.73,8.77,10.08,11.17,9.86,9.05,9.91,20.12,9.92,9.34,9.61
2005-01,11.48,8.78,6.49,7.19,7.68,8.88,7.84,7.6,7.37,8.24,12.96,7.61,7.34,7.85
2005-02,8.71,6.93,5,5.62,6.12,6.99,6.46,6.08,5.88,6.42,11.05,6.04,5.85,6.1
2005-03,8.07,6,4.27,5.2,5.86,6.66,5.2,5.41,5.36,6.03,9.32,5.45,5.16,5.67
2005-04,8.4,6.64,4.82,5.52,6.12,6.93,5.97,5.76,5.67,6.28,9.87,5.72,5.56,5.93
2005-05,8.48,6.31,4.4,5.08,5.59,6.4,5.41,5.27,5.17,5.89,9.63,5.3,5.09,5.58
2005-06,8.01,5.8,4.12,4.73,5.13,5.79,4.95,4.9,4.73,5.3,8.89,4.91,4.6,4.99
2005-07,6.93,5.15,3.62,4.31,4.78,5.33,4.45,4.45,4.36,4.93,7.89,4.42,4.2,4.61
2005-08,8.53,6.11,4.2,4.66,4.99,5.8,5.2,4.9,4.68,5.28,9.6,4.86,4.63,4.95
2005-09,9.74,6.63,4.42,5.08,5.54,6.42,5.34,5.16,4.96,5.72,10.05,5.12,4.79,5.3
2005-10,7.41,5.58,3.71,4.61,5.44,6.36,4.69,4.68,4.71,5.34,8.63,4.56,4.44,4.87
2005-11,10.04,7.03,4.65,5.03,5.29,6.28,6.08,5.42,5.05,5.63,12.02,5.35,5.04,5.26
2005-12,8.51,6.17,3.95,4.41,4.74,5.62,5.53,4.88,4.56,5.1,11.1,4.81,4.57,4.77
2006-01,8.8,6.6,4.41,4.83,5.22,6.12,5.82,5.16,4.9,5.42,10.86,5.04,4.86,5.05
2006-02,7.45,5.84,4.2,4.77,5.23,5.97,5.36,5.09,4.95,5.4,9.16,5.05,4.87,5.11
2006-03,7.92,6.16,4.29,5.17,5.9,6.69,5.49,5.42,5.37,5.96,9.77,5.38,5.19,5.57
2006-04,9.69,7.64,5.61,5.85,6.04,6.89,6.91,6.2,5.9,6.43,11.3,6.13,5.97,6.14
2006-05,8.33,6.33,4.5,5.19,5.76,6.56,5.42,5.3,5.23,5.88,9.26,5.27,5.08,5.52
2006-06,7.3,5.23,3.69,4.25,4.66,5.3,4.31,4.26,4.15,4.68,7.79,4.21,3.97,4.34
2006-07,7.44,5.23,3.49,4,4.34,5.01,4.32,4.1,3.93,4.51,8.41,4.04,3.81,4.15
2006-08,8.05,6.29,4.42,4.82,5.21,6.05,5.52,5.12,4.96,5.49,9.36,5.1,4.97,5.18
2006-09,8.17,5.37,3.21,3.71,4.24,5.24,3.93,3.66,3.57,4.29,8.54,3.64,3.45,3.87
2006-10,8.19,5.67,3.5,4.29,4.95,5.9,4.5,4.44,4.37,5.15,9.22,4.47,4.24,4.77
2006-11,11.01,7.57,5.03,5.71,6.24,7.41,5.89,5.73,5.57,6.52,11.05,5.73,5.42,6.05
2006-12,12.15,8.43,5.64,5.97,6.28,7.51,6.5,5.95,5.66,6.6,11.72,5.91,5.6,6.11
2007-01,13.04,9.04,6.27,6.78,7.24,8.59,6.93,6.7,6.48,7.48,12.24,6.72,6.35,6.99
2007-02,8.65,5.72,3.5,4.41,5.12,6.09,4.41,4.5,4.42,5.2,9.61,4.52,4.2,4.76
2007-03,9.55,7.12,5,6.01,6.79,7.76,5.93,6.1,6.08,6.93,10.4,6.11,5.84,6.48
2007-04,7.3,5.07,3.33,3.9,4.32,5.02,4.07,4.01,3.89,4.55,7.81,4.06,3.8,4.26
2007-05,10.94,8.3,6.08,6.73,7.08,7.86,7.73,7.34,7,7.63,13.1,7.41,7.03,7.39
2007-06,8.45,6.22,4.24,5.27,5.96,6.67,5.7,5.79,5.66,6.36,10.85,5.93,5.59,6.13
2007-07,9.53,6.81,4.87,5.48,5.78,6.48,6.21,6,5.69,6.28,11.54,6.07,5.67,6.01
2007-08,10.57,8.28,5.94,6.4,6.68,7.54,7.99,7.24,6.81,7.29,13.86,7.22,6.93,7.01
2007-09,10.93,7.87,5.37,5.91,6.16,7.02,7.26,6.65,6.19,6.82,13.63,6.68,6.26,6.52
2007-10,9.91,7.03,4.7,5.34,5.69,6.55,6.4,5.98,5.59,6.2,12.48,6,5.59,5.89
2007-11,11.83,9.1,6.53,6.83,6.97,7.94,8.69,7.68,7.12,7.64,15.04,7.66,7.29,7.38
2007-12,14.75,11.02,7.67,8.01,8.13,9.38,10.45,9.14,8.43,9.24,18.89,9.23,8.77,9.02
2008-01,13.57,10.32,7.57,8.25,8.64,9.74,9.64,9.05,8.57,9.34,16.03,9.12,8.65,9.05
2008-02,12.26,9.34,6.89,7.61,8.04,9.01,8.68,8.25,7.87,8.59,14.44,8.3,7.88,8.29
2008-03,12.82,10.38,7.8,8.63,9.19,10.2,10,9.5,9.13,9.81,16.23,9.59,9.22,9.55
2008-04,10.35,7.85,5.63,6.34,6.83,7.66,7.36,7,6.7,7.31,12.86,7.12,6.74,7.11
2008-05,7.06,5.2,3.74,4.71,5.4,5.97,4.65,4.99,4.99,5.67,7.96,5.18,4.88,5.53
2008-06,9.9,7.46,5.6,6.26,6.61,7.29,6.84,6.71,6.45,7.08,11.39,6.81,6.43,6.87
2008-07,9.4,7.13,5.35,6.07,6.56,7.26,6.66,6.56,6.37,6.95,11.23,6.68,6.36,6.76
2008-08,9.26,6.74,4.81,5.43,5.83,6.59,6.23,5.99,5.73,6.32,11.08,6.07,5.75,6.1
2008-09,9.23,6.49,4.25,5.01,5.53,6.34,5.94,5.6,5.32,5.93,11.85,5.64,5.29,5.64
2008-10,13.03,9.58,6.74,7.39,7.74,8.79,8.87,8.18,7.67,8.43,15.8,8.17,7.71,8.06
2008-11,11.81,8.6,6.06,6.7,7.06,8.09,7.93,7.42,6.99,7.69,14.31,7.49,7.05,7.44
2008-12,9.13,6.56,4.39,4.9,5.19,5.95,6.03,5.5,5.15,5.79,11.34,5.58,5.26,5.63
2009-01,11.96,8.9,6.36,7.18,7.71,8.76,8.27,7.89,7.52,8.24,14.55,7.97,7.53,7.95
2009-02,9.02,6.26,4.42,5.08,5.38,6.14,5.54,5.53,5.26,5.97,10.39,5.68,5.28,5.79
2009-03,12.84,9.95,7.52,8.16,8.45,9.33,9.25,8.8,8.38,9.1,14.91,8.87,8.43,8.83
2009-04,9.13,7.14,5.24,6.05,6.65,7.39,6.74,6.58,6.41,6.99,11.21,6.69,6.38,6.8
2009-05,10.29,8.48,6.65,7.18,7.51,8.16,8.1,7.69,7.45,8.04,11.73,7.76,7.52,7.88
2009-06,7.39,5.52,4.09,4.77,5.2,5.74,5.02,5.09,4.97,5.53,8.42,5.22,4.94,5.4
2009-07,8.57,6.8,5.21,5.85,6.29,6.89,6.45,6.28,6.12,6.63,10.29,6.32,6.1,6.42
2009-08,11.42,8.52,6.24,7.11,7.7,8.62,7.87,7.68,7.42,8.13,13.34,7.69,7.32,7.77
2009-09,11.25,7.87,5.41,6.03,6.33,7.16,7.04,6.64,6.21,6.92,12.84,6.75,6.25,6.68
2009-10,10.32,7.75,5.54,6.32,6.84,7.71,7.17,6.93,6.62,7.24,12.27,6.99,6.58,6.95
2009-11,14.62,10.69,7.73,8.62,9.05,10.18,9.7,9.36,8.85,9.76,16.54,9.45,8.83,9.41
2009-12,9.65,6.76,4.56,5.31,5.66,6.45,5.99,5.86,5.54,6.34,11.17,6.05,5.6,6.19
2010-01,8.38,6.36,4.5,5.21,5.63,6.38,5.91,5.76,5.54,6.2,10.26,5.89,5.61,6.05
2010-02,6.08,4.64,3.26,3.8,4.09,4.61,4.31,4.24,4.07,4.56,7.58,4.38,4.15,4.48
2010-03,9.43,7.1,5.25,5.99,6.4,7.13,6.52,6.5,6.26,6.89,11.1,6.65,6.26,6.71
2010-04,9.28,7.21,5.35,5.77,6,6.66,6.77,6.31,5.98,6.44,11.12,6.37,6.04,6.26
2010-05,8.67,7.08,5.3,5.8,6.11,6.71,6.78,6.36,6.11,6.57,10.68,6.42,6.18,6.42
2010-06,8.2,6.79,5.25,5.81,6.17,6.66,6.44,6.2,6,6.39,9.68,6.21,5.96,6.19
2010-07,11.34,8.8,6.67,7.38,7.78,8.45,8.18,7.86,7.56,8.16,13.08,7.87,7.5,7.86
2010-08,10.1,7.83,5.75,6.35,6.7,7.44,7.35,6.98,6.64,7.17,12.02,7.02,6.67,6.92
2010-09,10.94,8.03,5.64,6.29,6.69,7.53,7.42,6.95,6.56,7.15,13.03,7.01,6.59,6.9
2010-10,10.52,7.83,5.55,6.33,6.82,7.68,7.21,6.93,6.61,7.28,12.45,7,6.59,7
2010-11,10.57,7.76,5.45,6.33,6.79,7.66,7,6.91,6.6,7.38,12.27,7.03,6.57,7.12
2010-12,11.09,8,5.44,6.04,6.22,7.06,7.31,6.87,6.34,7.06,13.51,7.09,6.53,6.92
2011-01,10.38,7.27,5.12,5.48,5.54,6.35,6.54,6.08,5.62,6.25,12.04,6.2,5.75,6.09
2011-02,12.39,9,6.63,7.46,7.91,8.83,8.11,7.99,7.63,8.42,13.73,8.11,7.58,8.15
2011-03,9.53,6.92,5.13,5.62,5.8,6.41,6.16,5.97,5.63,6.17,10.4,6.03,5.6,5.96
2011-04,11.1,8.18,6.02,6.7,7.04,7.75,7.35,7.14,6.78,7.4,12.22,7.21,6.7,7.13
2011-05,16.43,12.47,9.38,10.26,10.69,11.72,11.45,10.98,10.47,11.36,18.4,11.11,10.47,11.03
2011-06,10.25,7.97,6.14,6.56,6.72,7.27,7.36,6.98,6.62,7.09,11.43,7.01,6.61,6.88
2011-07,8.04,6.72,5.2,5.65,5.92,6.39,6.46,6.11,5.9,6.3,9.67,6.15,5.96,6.17
2011-08,9.46,7.05,5.2,5.67,5.87,6.54,6.47,6.19,5.85,6.39,10.69,6.25,5.88,6.17
2011-09,16.86,12.29,8.68,9.21,9.4,10.55,11.33,10.19,9.44,10.23,19.68,10.22,9.58,9.88
2011-10,13.82,10.41,7.62,8.07,8.28,9.31,9.73,8.86,8.29,8.97,16.08,8.85,8.39,8.66
2011-11,14.41,10.24,7.31,8.3,8.78,9.92,9.06,8.93,8.48,9.48,15.82,9.08,8.43,9.15
2011-12,19.77,14.24,10.38,10.62,10.38,11.73,12.86,11.68,10.66,11.74,21.63,11.82,10.96,11.44
2012-01,17.02,12.36,9.07,9.43,9.44,10.64,11.23,10.31,9.52,10.39,18.94,10.4,9.69,10.1
2012-02,13.47,9.77,7.29,7.59,7.57,8.51,8.83,8.23,7.64,8.37,14.85,8.32,7.76,8.13
2012-03,11.59,8.48,6.39,6.85,6.99,7.74,7.63,7.31,6.88,7.48,12.65,7.41,6.9,7.27
2012-04,9.38,7.47,5.55,6.24,6.71,7.4,7.11,6.83,6.59,7.14,11.44,6.95,6.64,7
2012-05,8.92,6.97,5.28,5.87,6.18,6.74,6.44,6.27,6.04,6.57,9.98,6.36,6.03,6.4
2012-06,9.16,7.01,5.36,6.12,6.55,7.09,6.36,6.43,6.25,6.82,9.94,6.56,6.16,6.64
2012-07,8.96,7.13,5.48,5.91,6.14,6.69,6.73,6.34,6.07,6.48,10.52,6.33,6.08,6.27
2012-08,10.65,8.05,6,6.84,7.34,8.11,7.42,7.31,7.03,7.6,12.23,7.32,6.9,7.28
2012-09,13.33,9,6.18,6.63,6.75,7.72,7.93,7.33,6.77,7.61,14.71,7.49,6.91,7.38
2012-10,9.24,6.57,4.48,5.13,5.45,6.17,5.96,5.69,5.34,5.94,11.23,5.77,5.35,5.72
2012-11,12.51,8.72,5.97,6.5,6.68,7.68,7.84,7.26,6.72,7.51,14.77,7.38,6.85,7.27
2012-12,13.06,9.55,6.66,7.25,7.47,8.48,8.76,8.02,7.44,8.21,15.73,8.07,7.54,7.92
2013-01,13.19,9.75,7.13,7.62,7.82,8.8,8.95,8.28,7.75,8.45,15.13,8.32,7.82,8.18
2013-02,10.98,8.62,6.52,7.23,7.56,8.31,8.03,7.75,7.36,7.92,12.85,7.78,7.32,7.65
2013-03,12.3,9.35,7.11,8.53,9.2,9.81,8.26,8.68,8.4,9.22,13.14,8.68,8.02,8.77
2013-04,14.14,10.94,8.28,8.95,9.25,10.14,10.17,9.62,9.1,9.78,16.21,9.68,9.12,9.49
2013-05,13.09,10.62,8.12,8.57,8.78,9.6,10.16,9.34,8.87,9.44,15.62,9.37,9.01,9.22
2013-06,9.62,7.37,5.63,6.04,6.2,6.76,6.76,6.46,6.13,6.62,10.59,6.55,6.17,6.47
2013-07,8.02,6.01,4.57,5.03,5.22,5.66,5.43,5.3,5.06,5.51,8.68,5.36,5.03,5.34
2013-08,10.6,7.68,5.6,6.1,6.31,7.03,6.88,6.58,6.19,6.75,11.69,6.61,6.17,6.49
2013-09,11.29,8.01,5.6,6.2,6.47,7.27,7.19,6.78,6.36,7.02,12.75,6.88,6.38,6.78
2013-10,12.22,8.93,6.26,7.15,7.7,8.66,8.14,7.81,7.43,8.19,14.32,7.87,7.37,7.85
2013-11,10.43,7.57,5.4,5.62,5.65,6.48,7,6.29,5.8,6.37,12.45,6.36,5.98,6.21
2013-12,17.51,12.86,9.29,9.84,10.03,11.39,11.8,10.78,10.03,11.02,20.12,10.82,10.17,10.65
2014-01,13.98,10.09,7.29,8.14,8.55,9.61,9.05,8.8,8.32,9.21,15.51,8.92,8.3,8.9
2014-02,16.09,12.06,9,10.04,10.61,11.83,11.07,10.83,10.36,11.37,18.18,11,10.35,11.04
2014-03,13.29,9.66,7.22,8.08,8.47,9.35,8.6,8.54,8.15,9,14.34,8.66,8.07,8.69
2014-04,12.47,8.87,6.46,7.41,7.88,8.71,7.79,7.86,7.49,8.29,13.43,8.02,7.35,7.97
2014-05,10.51,7.78,5.78,6.52,6.88,7.55,6.99,6.95,6.67,7.38,11.5,7.09,6.62,7.15
2014-06,8.38,6.47,4.88,5.4,5.63,6.09,5.92,5.77,5.51,6.02,9.37,5.87,5.52,5.88
2014-07,9.2,6.97,5.28,5.75,5.95,6.46,6.36,6.12,5.82,6.31,10.22,6.17,5.81,6.12
2014-08,11.16,8.29,6.08,6.77,7.15,7.97,7.57,7.34,7.01,7.7,12.59,7.43,7.01,7.44
2014-09,7.63,5.47,3.76,4.19,4.39,4.92,4.94,4.62,4.31,4.74,8.87,4.67,4.33,4.57
2014-10,13.84,9.97,7,7.81,8.27,9.34,9.07,8.55,8.07,8.93,16.07,8.61,8.06,8.57
2014-11,10.41,7.43,5,5.93,6.48,7.35,6.68,6.5,6.19,6.93,12.59,6.56,6.11,6.61
2014-12,13.05,9.29,6.64,7,7.08,8.09,8.43,7.68,7.11,7.9,14.8,7.77,7.27,7.7