01/01/2014,2.26,2.85,3.27,3.18,3.37,3.44,2.43,2.73,3.19,3.56,1.12,2.91
02/01/2014,3.71,4.44,4.96,4.88,4.95,4.9,4.2,4.58,4.91,5.11,2.67,4.73
03/01/2014,4.14,5.01,5.64,5.57,5.54,5.35,4.85,5.32,5.56,5.61,3.03,5.43
04/01/2014,0.85,1.52,2,1.88,1.99,1.98,1.08,1.43,1.83,2.13,-0.57,1.61
05/01/2014,4.32,4.85,5.21,5.13,5.17,5.11,4.68,4.98,5.19,5.31,3.54,5.09
06/01/2014,5.23,5.92,6.44,6.41,6.42,6.28,5.88,6.32,6.53,6.57,4.43,6.42
07/01/2014,5.33,6.29,7.03,7.01,7.03,6.86,6.24,6.81,7.1,7.15,4.32,6.93
08/01/2014,4.47,5.35,6.02,5.98,6,5.8,5.31,5.82,6.06,6.07,3.61,5.92
09/01/2014,1.47,2.19,2.7,2.62,2.69,2.63,1.94,2.33,2.65,2.85,0.4,2.47
10/01/2014,3.05,3.65,4.12,4.11,4.1,3.98,3.82,4.27,4.38,4.36,2.56,4.35
11/01/2014,2.11,2.68,3.04,2.9,2.93,2.88,2.31,2.58,2.85,3.06,0.95,2.74
12/01/2014,2.71,3.02,3.15,2.98,3.01,3.05,2.58,2.69,2.91,3.18,1.65,2.84
13/01/2014,2.45,3.05,3.45,3.34,3.35,3.26,2.78,3.08,3.32,3.45,1.45,3.2
14/01/2014,2.9,3.25,3.42,3.27,3.31,3.33,2.85,2.99,3.22,3.45,1.95,3.13
15/01/2014,3.46,4.01,4.38,4.28,4.27,4.19,3.83,4.13,4.31,4.41,2.58,4.24
16/01/2014,3.64,4.24,4.6,4.47,4.51,4.49,3.96,4.23,4.49,4.71,2.69,4.41
17/01/2014,3.48,4.14,4.61,4.55,4.53,4.4,4.08,4.47,4.64,4.68,2.68,4.57
18/01/2014,0.51,1.31,1.96,2.01,2.17,2.12,1.31,1.81,2.18,2.33,-0.11,1.91
19/01/2014,1.68,2.49,3.11,3.09,3.11,2.94,2.52,3.02,3.22,3.23,0.96,3.11
20/01/2014,3.69,4.18,4.5,4.45,4.42,4.28,4.17,4.48,4.55,4.53,3.19,4.53
21/01/2014,3.9,4.2,4.31,4.12,4.19,4.23,3.6,3.69,3.98,4.27,2.65,3.84
22/01/2014,5.14,5.73,6.09,5.92,5.97,5.92,5.22,5.48,5.82,6.07,3.72,5.68
23/01/2014,3.87,4.57,5.04,4.93,4.86,4.66,4.43,4.83,4.97,4.97,2.88,4.95
24/01/2014,6.64,7.16,7.5,7.41,7.34,7.17,7.07,7.38,7.46,7.44,5.91,7.47
25/01/2014,6.42,7.22,7.8,7.73,7.67,7.45,7.26,7.72,7.84,7.81,5.63,7.85
26/01/2014,3.59,4.44,5.08,5.05,5.05,4.85,4.43,4.92,5.14,5.14,2.83,5.03
27/01/2014,3.09,3.96,4.61,4.52,4.51,4.32,3.77,4.27,4.54,4.61,1.85,4.41
28/01/2014,4.22,5.1,5.75,5.69,5.62,5.37,5.1,5.62,5.77,5.72,3.27,5.73
29/01/2014,3.28,4.24,4.97,4.93,4.95,4.76,4.2,4.72,4.99,5.03,2.39,4.83
30/01/2014,2.99,3.77,4.3,4.2,4.1,3.87,3.65,4.07,4.18,4.16,1.99,4.17
31/01/2014,4.72,5.4,5.82,5.68,5.5,5.24,5.27,5.63,5.66,5.58,3.66,5.74
01/02/2014,2.45,3.29,3.98,4.03,4.04,3.79,3.34,3.88,4.09,4.01,1.66,3.95
02/02/2014,3.56,4.53,5.34,5.39,5.43,5.18,4.51,5.13,5.43,5.39,2.51,5.23
03/02/2014,3.65,4.61,5.44,5.54,5.61,5.38,4.68,5.33,5.63,5.58,2.81,5.39
04/02/2014,2.11,2.95,3.62,3.61,3.67,3.52,2.71,3.19,3.54,3.65,0.89,3.32
05/02/2014,2.38,3.2,3.87,3.88,3.98,3.83,2.98,3.49,3.85,3.95,1.23,3.6
06/02/2014,4.44,5.19,5.74,5.67,5.71,5.58,4.76,5.15,5.49,5.66,3,5.3
07/02/2014,1.63,2.37,2.96,2.98,3.08,3,2.18,2.64,2.98,3.12,0.6,2.74
08/02/2014,2.42,3.25,3.89,3.88,3.99,3.88,2.91,3.34,3.74,3.93,1.2,3.46
09/02/2014,4.15,5.17,6.04,6.14,6.06,5.69,5.47,6.17,6.27,6.02,3.5,6.21
10/02/2014,0.62,1.4,2.07,2.13,2.22,2.06,1.35,1.88,2.17,2.2,-0.25,1.95
11/02/2014,0.24,0.98,1.61,1.69,1.8,1.7,0.99,1.48,1.79,1.86,-0.46,1.58
12/02/2014,1.76,2.68,3.47,3.57,3.58,3.33,2.91,3.53,3.72,3.61,1.2,3.6
13/02/2014,1.88,2.87,3.69,3.75,3.76,3.49,2.96,3.58,3.81,3.73,1.07,3.67
14/02/2014,1.23,2.06,2.73,2.75,2.9,2.82,1.83,2.29,2.71,2.91,0.16,2.44
15/02/2014,2.61,3.53,4.28,4.31,4.36,4.16,3.47,4.03,4.34,4.37,1.59,4.15
16/02/2014,1.53,2.41,3.14,3.2,3.29,3.11,2.38,2.93,3.25,3.28,0.68,3.02
17/02/2014,3.8,4.41,4.9,4.94,4.98,4.82,4.38,4.79,5,5,3.14,4.87
18/02/2014,5.86,6.46,6.91,6.84,6.93,6.86,5.96,6.3,6.66,6.87,4.43,6.43
19/02/2014,6.25,6.95,7.5,7.48,7.57,7.44,6.64,7.04,7.38,7.51,5.06,7.17
20/02/2014,4.69,5.61,6.37,6.43,6.44,6.18,5.66,6.23,6.46,6.39,3.93,6.32
21/02/2014,3.27,4.23,5.04,5.13,5.16,4.9,4.35,4.98,5.22,5.14,2.54,5.04
22/02/2014,5.67,6.54,7.22,7.22,7.28,7.09,6.34,6.84,7.16,7.23,4.52,6.96
23/02/2014,5.47,6.46,7.28,7.32,7.37,7.14,6.43,7.03,7.34,7.35,4.45,7.13
24/02/2014,4.66,5.61,6.35,6.36,6.38,6.16,5.49,6.04,6.31,6.34,3.57,6.14
25/02/2014,4.39,5.42,6.26,6.32,6.35,6.09,5.46,6.08,6.34,6.31,3.49,6.17
26/02/2014,5.09,6.06,6.87,6.97,6.97,6.7,6.23,6.88,7.09,6.97,4.39,6.94
27/02/2014,3.98,5,5.88,5.98,5.99,5.7,5.23,5.92,6.13,6,3.27,5.99
28/02/2014,2.67,3.42,4.04,4.09,4.15,3.97,3.39,3.88,4.12,4.12,1.91,3.94
01/03/2014,2.45,3.17,3.84,3.89,3.93,3.76,3.22,3.69,3.92,3.93,1.84,3.77
02/03/2014,2.64,3.57,4.44,4.56,4.56,4.27,3.9,4.53,4.71,4.56,2.31,4.58
03/03/2014,1.23,2.11,2.92,3,3.03,2.79,2.2,2.78,3.03,2.98,0.54,2.84
04/03/2014,2.49,3.3,4.12,4.31,4.39,4.18,3.74,4.37,4.56,4.44,2.41,4.38
05/03/2014,4.26,4.89,5.44,5.48,5.53,5.42,4.86,5.24,5.46,5.53,3.7,5.3
06/03/2014,7.13,7.98,8.74,8.82,8.81,8.58,8.18,8.73,8.91,8.84,6.58,8.8
07/03/2014,5.62,6.5,7.28,7.32,7.29,7.06,6.58,7.14,7.35,7.32,4.8,7.22
08/03/2014,5.75,6.36,6.83,6.69,6.78,6.72,5.74,6,6.42,6.73,4.19,6.22
09/03/2014,5.77,6.3,6.8,6.78,6.83,6.75,6.17,6.55,6.82,6.95,4.85,6.68
10/03/2014,3.62,4.06,4.54,4.64,4.73,4.69,4.24,4.64,4.83,4.88,3.34,4.69
11/03/2014,4.03,4.53,4.93,4.9,4.95,4.91,4.28,4.5,4.75,4.92,3.3,4.59
12/03/2014,3.18,3.09,3.08,3.13,3.28,3.48,3.05,3.1,3.25,3.49,3.13,3.13
13/03/2014,4.95,4.93,4.89,4.82,4.86,4.98,4.58,4.56,4.66,4.9,4.4,4.59
14/03/2014,8.33,8.64,8.85,8.77,8.64,8.47,8.47,8.65,8.6,8.55,7.63,8.69
15/03/2014,8.95,9.56,10.06,10.05,9.94,9.71,9.6,9.99,10.01,9.91,8.3,10.04
16/03/2014,7.72,8.46,9.09,9.08,9.05,8.88,8.35,8.79,8.99,9.01,6.78,8.85
17/03/2014,7.04,8,8.91,9.02,9.03,8.74,8.25,8.92,9.13,8.99,6.45,8.95
18/03/2014,7.3,8.21,9.01,9.03,9.02,8.78,8.24,8.79,9.01,8.98,6.45,8.87
19/03/2014,8.33,9.09,9.75,9.72,9.66,9.47,9.02,9.49,9.67,9.68,7.28,9.59
20/03/2014,5.74,6.68,7.5,7.54,7.55,7.33,6.7,7.28,7.56,7.56,4.83,7.4
21/03/2014,2.91,3.85,4.69,4.75,4.77,4.57,3.97,4.58,4.83,4.83,2.12,4.69
22/03/2014,2.17,3.06,3.89,3.98,3.97,3.73,3.29,3.93,4.11,4.02,1.53,3.99
23/03/2014,4.36,5.38,6.3,6.41,6.36,6.02,5.7,6.38,6.52,6.33,3.85,6.43
24/03/2014,2.21,2.76,3.17,3.07,3.16,3.17,2.3,2.5,2.85,3.15,1.09,2.68
25/03/2014,5.87,6.7,7.43,7.43,7.45,7.28,6.63,7.13,7.38,7.44,4.88,7.24
26/03/2014,4.96,5.63,6.24,6.32,6.44,6.37,5.61,6.03,6.32,6.44,4.44,6.09
27/03/2014,2.59,3.6,4.52,4.63,4.7,4.49,3.74,4.37,4.67,4.67,1.94,4.44
28/03/2014,2.85,3.75,4.52,4.53,4.6,4.46,3.58,4.08,4.42,4.54,1.79,4.19
29/03/2014,5.59,6.51,7.31,7.37,7.4,7.16,6.58,7.13,7.39,7.37,4.91,7.24
30/03/2014,9.04,9.74,10.4,10.52,10.59,10.44,10.01,10.49,10.7,10.67,8.91,10.56
31/03/2014,9.15,9.71,10.16,10.12,10.22,10.19,9.34,9.6,9.93,10.15,8.24,9.71
01/04/2014,9.08,9.74,10.2,10.15,10.15,10.06,9.48,9.76,9.96,10.05,8.13,9.87
02/04/2014,6.09,6.83,7.39,7.4,7.62,7.65,6.43,6.71,7.2,7.49,5.2,6.87
03/04/2014,10.14,10.88,11.43,11.46,11.4,11.16,10.88,11.26,11.36,11.22,9.62,11.32
04/04/2014,9.62,10.37,10.92,10.91,10.87,10.69,10.23,10.56,10.73,10.71,8.87,10.65
05/04/2014,9.95,10.55,11.03,11.07,11.1,10.99,10.52,10.86,11.04,11.03,9.41,10.92
06/04/2014,11.02,11.91,12.63,12.66,12.62,12.37,11.89,12.4,12.58,12.48,10.15,12.47
07/04/2014,6.98,7.66,8.16,8.13,8.16,8.06,7.4,7.71,7.97,8.06,6.03,7.83
08/04/2014,5.6,6.65,7.57,7.71,7.72,7.42,6.93,7.59,7.79,7.59,5.17,7.62
09/04/2014,8.9,9.88,10.68,10.77,10.74,10.46,10.07,10.65,10.8,10.62,8.38,10.71
10/04/2014,7.55,8.59,9.49,9.6,9.59,9.28,8.83,9.49,9.66,9.45,6.98,9.54
11/04/2014,4.92,5.63,6.21,6.27,6.31,6.15,5.68,6.1,6.27,6.22,4.41,6.18
12/04/2014,7.11,8.35,9.4,9.58,9.54,9.17,8.87,9.63,9.73,9.43,6.94,9.65
13/04/2014,8.76,9.8,10.65,10.74,10.64,10.25,10.05,10.69,10.75,10.46,8.21,10.72
14/04/2014,7.35,8.39,9.24,9.31,9.38,9.1,8.3,8.84,9.16,9.08,6.6,8.91
15/04/2014,7.22,7.76,8.14,8.14,8.27,8.23,7.42,7.61,7.91,8.05,6.6,7.71
16/04/2014,8.72,9.46,10.05,10.11,10.1,9.86,9.53,9.95,10.07,9.92,8.31,10.01
17/04/2014,8.11,9.25,10.25,10.47,10.41,10.03,9.86,10.63,10.69,10.32,8.05,10.62
18/04/2014,6.57,7.16,7.65,7.73,7.79,7.65,7.2,7.55,7.71,7.66,6.26,7.61
19/04/2014,7.41,8,8.4,8.37,8.46,8.36,7.55,7.76,8.05,8.17,6.51,7.86
20/04/2014,6.83,7.36,7.75,7.78,7.92,7.88,7.09,7.31,7.59,7.71,6.29,7.37
21/04/2014,11.54,12.16,12.66,12.73,12.81,12.69,12.07,12.4,12.64,12.64,11.07,12.44
22/04/2014,9.16,10.12,10.87,10.93,11,10.83,9.99,10.45,10.76,10.77,8.44,10.5
23/04/2014,10.86,11.66,12.34,12.43,12.43,12.18,11.74,12.25,12.41,12.26,10.27,12.25
24/04/2014,7.77,8.7,9.4,9.41,9.53,9.43,8.37,8.75,9.16,9.32,6.74,8.87
25/04/2014,7.69,8.43,9,9,9.12,9,8.08,8.4,8.76,8.87,6.76,8.5
26/04/2014,9.36,10.35,11.16,11.26,11.29,11.08,10.4,10.95,11.19,11.12,8.75,10.99
27/04/2014,9.65,10.54,11.25,11.33,11.42,11.27,10.48,10.9,11.19,11.21,9.13,10.95
28/04/2014,10.32,11.1,11.72,11.84,11.86,11.62,11.29,11.7,11.81,11.63,10.34,11.7
29/04/2014,13.05,13.41,13.66,13.65,13.71,13.65,13.1,13.26,13.44,13.5,12.37,13.3
30/04/2014,8.14,8.71,9.1,9.07,9.19,9.17,8.3,8.47,8.79,8.99,7.38,8.57
01/05/2014,9.91,10.89,11.69,11.81,11.77,11.45,11.17,11.79,11.91,11.75,9.56,11.87
02/05/2014,8.62,9.43,10.08,10.15,10.14,9.91,9.41,9.94,10.12,10.08,7.84,10
03/05/2014,9.32,10.02,10.63,10.77,10.86,10.71,10.13,10.64,10.84,10.84,8.98,10.68
04/05/2014,11.79,12.41,12.83,12.79,12.73,12.57,12.21,12.56,12.66,12.72,10.82,12.67
05/05/2014,9.29,10.01,10.59,10.64,10.68,10.54,9.92,10.39,10.62,10.7,8.43,10.5
06/05/2014,9.27,10.22,11.02,11.12,11.08,10.79,10.43,11.09,11.21,11.1,8.61,11.15
07/05/2014,8.04,8.96,9.66,9.68,9.72,9.56,8.79,9.3,9.59,9.71,7.03,9.43
08/05/2014,9.82,10.87,11.75,11.9,11.89,11.61,11.18,11.88,12.04,11.93,9.39,11.95
09/05/2014,9.28,10.28,11.13,11.28,11.31,11.08,10.5,11.18,11.4,11.35,8.67,11.25
10/05/2014,9.63,10.44,11.09,11.13,11.15,11.02,10.37,10.89,11.13,11.21,8.67,11
11/05/2014,9.61,10.64,11.51,11.65,11.61,11.32,10.93,11.63,11.77,11.63,9.05,11.67
12/05/2014,9.11,10.04,10.83,10.98,10.99,10.73,10.3,10.93,11.09,10.99,8.72,10.98
13/05/2014,8.89,9.79,10.56,10.78,10.78,10.5,10.28,10.93,11,10.8,8.97,10.93
14/05/2014,9.26,9.84,10.23,10.23,10.29,10.21,9.57,9.85,10.07,10.24,8.49,9.97
15/05/2014,13.06,13.89,14.54,14.58,14.57,14.38,13.83,14.34,14.54,14.57,12.17,14.45
16/05/2014,13.09,13.83,14.38,14.41,14.39,14.21,13.83,14.25,14.37,14.4,12.48,14.35
17/05/2014,12.47,13.26,13.87,13.96,13.85,13.59,13.57,14.09,14.06,13.9,12.2,14.16
18/05/2014,9.53,10.4,11.17,11.36,11.47,11.28,10.71,11.33,11.56,11.51,9.39,11.41
19/05/2014,10.71,11.42,12.08,12.28,12.38,12.22,11.75,12.33,12.51,12.44,10.65,12.38
20/05/2014,11.75,12.41,12.99,13.18,13.31,13.22,12.66,13.14,13.35,13.38,11.78,13.18
21/05/2014,11.29,11.85,12.26,12.28,12.39,12.36,11.59,11.9,12.18,12.38,10.52,12.01
22/05/2014,10.32,11.18,11.88,11.96,11.91,11.62,11.32,11.89,12,11.89,9.7,11.96
23/05/2014,8.57,9.51,10.3,10.4,10.42,10.23,9.67,10.29,10.5,10.5,7.91,10.39
24/05/2014,9.9,10.75,11.43,11.49,11.55,11.39,10.68,11.19,11.45,11.54,9.1,11.31
25/05/2014,10.46,11.42,12.24,12.4,12.37,12.07,11.76,12.43,12.53,12.36,10.11,12.45
26/05/2014,9.74,11,12.24,12.7,12.87,12.54,12.11,13.1,13.31,12.98,10.6,13.04
27/05/2014,11.5,12.35,13.07,13.25,13.4,13.25,12.44,12.98,13.28,13.31,11.19,12.99
28/05/2014,11.23,12.15,12.89,12.98,13.1,12.97,12.01,12.54,12.89,13.03,10.4,12.61
29/05/2014,9.65,10.61,11.32,11.31,11.42,11.3,10.18,10.65,11.07,11.31,8.36,10.8
30/05/2014,10.81,11.58,12.21,12.31,12.41,12.33,11.59,12.09,12.36,12.47,10.22,12.18
31/05/2014,13.37,13.92,14.31,14.35,14.34,14.23,13.86,14.2,14.32,14.37,12.82,14.28
01/06/2014,13.75,14.36,14.88,14.95,14.9,14.63,14.32,14.71,14.8,14.68,13.03,14.74
02/06/2014,12.11,12.98,13.8,13.98,13.99,13.68,13.29,13.95,14.09,13.89,11.62,13.99
03/06/2014,10.83,11.86,12.8,12.99,13.03,12.74,12.09,12.8,13.04,12.92,10.14,12.83
04/06/2014,10.01,10.71,11.37,11.52,11.52,11.26,10.86,11.4,11.53,11.4,9.38,11.42
05/06/2014,8.7,9.6,10.45,10.65,10.78,10.59,9.7,10.3,10.64,10.65,8.1,10.33
06/06/2014,9.29,10.17,11.01,11.25,11.5,11.38,10.19,10.74,11.19,11.28,8.88,10.77
07/06/2014,13.96,14.95,15.9,16.19,16.25,15.89,15.42,16.14,16.31,16.04,13.94,16.11
08/06/2014,11.53,12.33,13.09,13.23,13.39,13.24,12.26,12.8,13.17,13.25,10.7,12.87
09/06/2014,13.19,13.85,14.5,14.68,14.75,14.53,13.99,14.5,14.68,14.58,12.77,14.52
10/06/2014,12.53,13.39,14.15,14.28,14.32,14.05,13.4,13.95,14.19,14.13,11.73,14.01
11/06/2014,11.15,11.85,12.5,12.6,12.8,12.73,11.58,12.06,12.51,12.7,10.03,12.14
12/06/2014,13.64,14.29,14.84,14.91,14.95,14.78,14.1,14.46,14.69,14.73,12.78,14.52
13/06/2014,14.41,15.12,15.77,15.93,15.99,15.76,15.21,15.7,15.88,15.8,13.94,15.71
14/06/2014,14.64,15.33,15.98,16.15,16.25,16.05,15.36,15.85,16.1,16.06,14.09,15.87
15/06/2014,12.75,13.73,14.74,15.03,15.21,14.96,14.11,14.88,15.21,15.09,12.43,14.89
16/06/2014,14.01,14.99,15.98,16.3,16.46,16.15,15.47,16.23,16.51,16.3,13.97,16.21
17/06/2014,16.67,17.41,18.11,18.26,18.32,18.06,17.49,18.05,18.26,18.15,15.95,18.08
18/06/2014,17.23,17.9,18.58,18.82,18.84,18.55,18.36,18.95,19,18.74,17.24,18.93
19/06/2014,13.06,13.98,14.92,15.21,15.35,15.09,14.39,15.13,15.39,15.24,12.8,15.13
20/06/2014,13.57,14.41,15.23,15.43,15.39,14.98,14.8,15.49,15.55,15.21,13.19,15.49
21/06/2014,12.26,13.16,13.99,14.17,14.27,14.02,13.28,13.89,14.15,14.09,11.63,13.94
22/06/2014,10.87,11.79,12.66,12.88,13.02,12.83,12.01,12.64,12.94,12.92,10.41,12.69
23/06/2014,12.21,13.06,13.85,14.02,14.14,13.93,13.07,13.65,13.97,13.97,11.46,13.7
24/06/2014,12.9,13.59,14.25,14.41,14.49,14.3,13.65,14.15,14.37,14.32,12.35,14.17
25/06/2014,13.79,14.62,15.45,15.71,15.85,15.63,14.96,15.59,15.82,15.7,13.65,15.57
26/06/2014,13.99,14.84,15.68,15.94,16.02,15.7,15.21,15.89,16.07,15.85,13.78,15.87
27/06/2014,12.6,13.61,14.53,14.69,14.71,14.37,13.77,14.45,14.69,14.55,11.84,14.51
28/06/2014,10.82,11.96,13.06,13.33,13.36,12.97,12.45,13.29,13.49,13.23,10.44,13.29
29/06/2014,10.07,11.25,12.39,12.69,12.79,12.42,11.76,12.58,12.87,12.64,9.88,12.6
30/06/2014,12.15,13.08,13.94,14.15,14.17,13.8,13.37,14,14.18,13.97,11.83,14
01/07/2014,13.15,13.83,14.51,14.73,14.86,14.72,14.12,14.65,14.87,14.81,13.05,14.69
02/07/2014,14.81,15.52,16.12,16.25,16.22,15.99,15.76,16.2,16.26,16.11,14.61,16.25
03/07/2014,12.14,13.12,13.94,14.02,14.13,13.95,12.95,13.46,13.85,13.96,11.2,13.59
04/07/2014,13.42,14.47,15.41,15.58,15.6,15.3,14.75,15.44,15.64,15.49,12.85,15.49
05/07/2014,11.31,12.19,12.98,13.1,13.12,12.85,12.24,12.8,13.03,12.94,10.56,12.84
06/07/2014,10.06,10.9,11.66,11.78,11.88,11.69,10.92,11.45,11.74,11.75,9.37,11.53
07/07/2014,11.69,12.56,13.35,13.49,13.59,13.4,12.58,13.15,13.44,13.44,10.95,13.21
08/07/2014,13.19,13.94,14.63,14.75,14.75,14.47,14.01,14.55,14.71,14.56,12.47,14.56
09/07/2014,12.86,13.73,14.59,14.87,14.87,14.54,14.38,15.09,15.13,14.79,13.03,15.05
10/07/2014,17.03,17.47,17.89,17.99,17.86,17.52,17.67,18.1,18,17.67,16.65,18.08
11/07/2014,13.56,14.04,14.53,14.65,14.81,14.78,13.96,14.35,14.66,14.78,12.89,14.42
12/07/2014,15.72,16.29,16.78,16.83,16.74,16.5,16.34,16.76,16.77,16.63,14.98,16.79
13/07/2014,13.48,14.36,15.16,15.29,15.24,14.91,14.51,15.15,15.29,15.08,12.7,15.17
14/07/2014,14.5,15.16,15.66,15.65,15.56,15.31,15.01,15.36,15.44,15.36,13.58,15.44
15/07/2014,13.06,14.03,14.89,14.99,15.04,14.76,14.01,14.6,14.89,14.84,12.14,14.68
16/07/2014,15.85,16.71,17.44,17.56,17.49,17.2,16.95,17.5,17.57,17.39,15.37,17.56
17/07/2014,14.02,14.99,15.9,16.14,16.21,15.94,15.45,16.14,16.32,16.14,13.92,16.17
18/07/2014,15.05,16.02,16.92,17.09,17.27,17.05,16.05,16.65,17.06,17.06,14.45,16.72
19/07/2014,17.02,17.71,18.35,18.5,18.43,18.13,18.02,18.55,18.55,18.28,16.73,18.52
20/07/2014,15.76,16.46,17.13,17.28,17.3,17.07,16.65,17.2,17.35,17.21,15.21,17.23
21/07/2014,14.09,14.8,15.42,15.53,15.64,15.53,14.73,15.15,15.44,15.51,13.42,15.22
22/07/2014,20.12,20.68,21.18,21.31,21.26,20.98,20.84,21.25,21.27,21.04,19.84,21.23
23/07/2014,19.93,20.39,20.86,20.99,21,20.76,20.46,20.9,21.01,20.83,19.42,20.9
24/07/2014,18.27,18.81,19.3,19.41,19.59,19.58,18.63,18.96,19.31,19.48,17.65,19.02
25/07/2014,18.68,19.26,19.86,20.13,20.22,20.04,19.78,20.29,20.36,20.16,19.06,20.26
26/07/2014,16.52,17,17.5,17.7,17.8,17.64,17.29,17.7,17.83,17.71,16.57,17.72
27/07/2014,13.71,14.39,15.03,15.14,15.13,14.9,14.53,15.05,15.18,15.06,13.04,15.1
28/07/2014,14.6,15.4,16.21,16.48,16.54,16.3,15.98,16.64,16.74,16.52,14.74,16.63
29/07/2014,14.66,15.5,16.31,16.52,16.43,16.04,16.07,16.78,16.74,16.37,14.43,16.78
30/07/2014,14.63,15.41,16.16,16.28,16.33,16.13,15.52,16.1,16.33,16.28,13.81,16.18
31/07/2014,15.57,16.38,17.16,17.34,17.34,17.04,16.72,17.34,17.47,17.26,15.22,17.4
01/08/2014,13.91,14.62,15.25,15.3,15.36,15.23,14.52,14.99,15.26,15.37,13.02,15.11
02/08/2014,12.29,12.92,13.55,13.67,13.73,13.59,13.06,13.59,13.79,13.82,11.74,13.67
03/08/2014,13.99,14.73,15.41,15.47,15.5,15.34,14.76,15.29,15.51,15.57,13.13,15.42
04/08/2014,13.87,14.51,15.02,14.98,15.02,14.94,14.16,14.5,14.79,15.01,12.68,14.67
05/08/2014,16.46,17.01,17.48,17.51,17.5,17.29,16.94,17.29,17.42,17.4,15.86,17.39
06/08/2014,15.67,16.32,16.92,16.98,17,16.87,16.32,16.79,17,17.09,14.83,16.91
07/08/2014,11.72,12.44,13.09,13.17,13.24,13.12,12.45,12.94,13.19,13.3,10.99,13.06
08/08/2014,15.22,15.55,15.82,15.75,15.71,15.58,15.27,15.51,15.61,15.69,14.22,15.66
09/08/2014,13.31,14.08,14.69,14.67,14.7,14.55,13.76,14.15,14.44,14.61,12.17,14.3
10/08/2014,12.03,12.72,13.34,13.42,13.41,13.2,12.85,13.34,13.47,13.43,11.49,13.42
11/08/2014,12.58,13.43,14.18,14.24,14.21,13.96,13.46,14.04,14.24,14.22,11.66,14.16
12/08/2014,11.97,12.89,13.77,13.91,13.88,13.58,13.22,13.93,14.08,13.94,11.35,14
13/08/2014,14.03,15.03,15.95,16.15,16.06,15.67,15.56,16.32,16.35,16.06,13.8,16.34
14/08/2014,11.06,12.05,13.03,13.25,13.34,13.12,12.46,13.22,13.48,13.42,10.67,13.28
15/08/2014,12.05,12.97,13.82,13.97,13.95,13.63,13.31,13.98,14.1,13.93,11.66,14.05
16/08/2014,12.64,13.54,14.34,14.43,14.37,14.06,13.71,14.33,14.45,14.32,11.93,14.4
17/08/2014,11.7,12.7,13.61,13.73,13.69,13.36,12.95,13.68,13.84,13.71,10.95,13.76
18/08/2014,10.8,11.92,12.94,13.08,13.07,12.73,12.21,12.98,13.2,13.07,10.14,13.07
19/08/2014,9.61,10.59,11.49,11.63,11.61,11.3,10.87,11.58,11.76,11.64,9,11.67
20/08/2014,9.68,10.45,11.17,11.29,11.28,11.05,10.68,11.28,11.42,11.35,9.07,11.37
21/08/2014,11.44,12.42,13.33,13.48,13.47,13.17,12.76,13.48,13.63,13.49,10.94,13.54
22/08/2014,10.13,11.06,11.89,11.99,11.97,11.68,11.2,11.83,12.02,11.93,9.41,11.92
23/08/2014,9.25,10.13,10.97,11.14,11.14,10.89,10.5,11.18,11.33,11.21,8.85,11.24
24/08/2014,7.86,8.58,9.26,9.39,9.48,9.34,8.7,9.24,9.48,9.54,7.34,9.33
25/08/2014,10.98,11.62,12.2,12.25,12.33,12.23,11.5,11.94,12.21,12.35,10.08,12.05
26/08/2014,13.13,13.97,14.79,14.92,14.99,14.81,14.09,14.73,15,15.02,12.38,14.79
27/08/2014,10.69,11.39,12,12.07,12.21,12.16,11.21,11.6,11.95,12.17,10,11.7
28/08/2014,12.83,13.8,14.67,14.77,14.82,14.62,13.79,14.43,14.75,14.81,11.82,14.53
29/08/2014,13.84,14.73,15.54,15.67,15.64,15.37,15,15.63,15.76,15.65,13.33,15.69
30/08/2014,11.79,12.68,13.51,13.59,13.66,13.48,12.64,13.28,13.61,13.69,10.68,13.39
31/08/2014,11.83,12.65,13.42,13.54,13.62,13.46,12.74,13.33,13.62,13.68,11.11,13.45
01/09/2014,12.51,13.34,14.21,14.38,14.48,14.26,13.51,14.18,14.48,14.43,11.83,14.27
02/09/2014,12.57,13.16,13.77,13.88,13.91,13.72,13.24,13.74,13.9,13.86,11.88,13.83
03/09/2014,12.39,12.93,13.48,13.52,13.68,13.6,12.55,12.95,13.36,13.56,11.16,13.1
04/09/2014,15.4,16.2,16.97,17.07,17.2,17.02,16.07,16.59,16.97,17.05,14.49,16.72
05/09/2014,13.6,14.4,15.18,15.35,15.38,15.12,14.7,15.28,15.41,15.27,13.37,15.34
06/09/2014,8,9.1,10.24,10.58,10.74,10.46,9.76,10.61,10.9,10.72,8.13,10.66
07/09/2014,8.74,9.7,10.69,10.97,11.02,10.74,10.3,11.07,11.21,11,8.72,11.07
08/09/2014,8.03,8.68,9.33,9.46,9.55,9.45,8.79,9.29,9.51,9.56,7.49,9.38
09/09/2014,11.81,12.26,12.66,12.66,12.73,12.65,11.89,12.15,12.41,12.57,10.79,12.28
10/09/2014,11.14,11.64,12.13,12.19,12.35,12.33,11.43,11.75,12.08,12.28,10.44,11.88
11/09/2014,13.22,13.73,14.22,14.34,14.51,14.45,13.65,13.95,14.25,14.37,12.98,14.06
12/09/2014,12.46,12.94,13.41,13.5,13.64,13.61,12.81,13.05,13.32,13.5,12.08,13.14
13/09/2014,13.08,13.54,13.97,14.02,14.17,14.09,13.26,13.5,13.8,13.94,12.53,13.62
14/09/2014,11.81,12.52,13.21,13.29,13.4,13.25,12.37,12.84,13.17,13.26,10.93,12.97
15/09/2014,12.86,13.53,14.16,14.21,14.24,14.02,13.35,13.79,14.04,14.05,11.9,13.88
16/09/2014,14.18,14.91,15.71,15.91,15.96,15.68,15.26,15.93,16.09,15.91,13.81,15.98
17/09/2014,13.08,13.83,14.56,14.69,14.92,14.83,13.65,14.09,14.55,14.73,12.46,14.2
18/09/2014,12.9,13.52,14.14,14.23,14.4,14.32,13.4,13.8,14.18,14.34,12.26,13.96
19/09/2014,13.53,14.21,14.89,15.06,15.21,15.12,14.33,14.79,15.1,15.18,13.24,14.88
20/09/2014,12.63,13.53,14.47,14.67,14.77,14.51,13.8,14.53,14.81,14.72,12.07,14.6
21/09/2014,10.46,10.99,11.63,11.83,11.87,11.71,11.4,11.98,12.09,11.97,10.23,12.03
22/09/2014,10.91,11.44,11.98,12.07,12.23,12.22,11.35,11.7,12,12.2,10.34,11.82
23/09/2014,10.66,11.37,12.11,12.28,12.31,12.09,11.7,12.28,12.42,12.31,10.38,12.35
24/09/2014,10.65,11.49,12.35,12.59,12.59,12.31,12.04,12.73,12.81,12.58,10.62,12.75
25/09/2014,12.94,13.78,14.6,14.79,14.73,14.38,14.25,14.88,14.9,14.62,12.86,14.9
26/09/2014,11.32,12.47,13.58,13.77,13.82,13.51,12.72,13.53,13.84,13.74,10.56,13.61
27/09/2014,8.72,9.44,10.16,10.29,10.46,10.4,9.39,9.89,10.27,10.44,8.01,10.01
28/09/2014,12.64,13.47,14.23,14.32,14.41,14.26,13.43,13.95,14.25,14.34,11.84,14.07
29/09/2014,13.84,14.44,15.06,15.2,15.19,14.97,14.64,15.14,15.23,15.1,13.48,15.16
30/09/2014,14.37,14.91,15.41,15.46,15.48,15.34,14.8,15.2,15.36,15.37,13.58,15.29
01/10/2014,11.36,12.3,13.14,13.28,13.27,13.01,12.69,13.38,13.49,13.35,10.96,13.46
02/10/2014,8.12,8.71,9.16,9.16,9.27,9.23,8.48,8.79,9.05,9.25,7.38,8.92
03/10/2014,8.72,9.62,10.34,10.38,10.52,10.46,9.47,9.94,10.32,10.54,7.9,10.12
04/10/2014,6.97,7.92,8.72,8.77,8.92,8.81,7.72,8.29,8.72,8.92,5.87,8.45
05/10/2014,8.55,9.26,9.83,9.88,9.96,9.84,9.14,9.54,9.79,9.89,7.93,9.64
06/10/2014,8.29,9.27,10.19,10.4,10.5,10.31,9.64,10.37,10.64,10.58,7.99,10.44
07/10/2014,6.2,6.75,7.16,7.13,7.24,7.26,6.43,6.7,7,7.28,5.28,6.86
08/10/2014,5.63,6.28,6.77,6.73,6.96,7.05,5.71,5.95,6.48,6.93,4.46,6.13
09/10/2014,8.7,9.65,10.43,10.52,10.5,10.2,9.78,10.34,10.48,10.36,8.27,10.39
10/10/2014,7.29,8,8.59,8.65,8.74,8.65,7.96,8.39,8.65,8.75,6.69,8.5
11/10/2014,5.52,5.96,6.34,6.37,6.58,6.72,5.71,5.99,6.36,6.72,4.74,6.14
12/10/2014,8.56,8.98,9.27,9.23,9.32,9.31,8.57,8.75,9.02,9.26,7.68,8.89
13/10/2014,7.72,8.33,8.73,8.65,8.75,8.72,7.8,8,8.36,8.65,6.62,8.19
14/10/2014,6.34,7.25,7.95,7.9,8.1,8.09,6.66,7,7.58,8.01,4.94,7.23
15/10/2014,7.94,8.74,9.37,9.36,9.5,9.43,8.42,8.8,9.19,9.44,6.98,8.97
16/10/2014,11.76,12.45,12.98,12.97,12.97,12.81,12.26,12.65,12.84,12.91,10.88,12.77
17/10/2014,9.95,10.89,11.7,11.81,11.98,11.91,10.84,11.38,11.79,11.98,9.27,11.49
18/10/2014,12.32,13.33,14.22,14.35,14.42,14.21,13.55,14.23,14.48,14.45,11.78,14.32
19/10/2014,11.56,12.46,13.25,13.32,13.37,13.19,12.48,13.08,13.36,13.4,10.69,13.2
20/10/2014,10.24,11.09,11.84,11.93,11.98,11.76,11.2,11.78,12,11.96,9.61,11.87
21/10/2014,7.35,8.32,9.17,9.27,9.26,8.97,8.51,9.18,9.35,9.23,6.68,9.25
22/10/2014,8.19,8.98,9.63,9.66,9.74,9.6,8.82,9.29,9.6,9.72,7.27,9.44
23/10/2014,10.49,11.32,12.04,12.1,12.13,11.93,11.32,11.89,12.12,12.11,9.67,11.98
24/10/2014,7.06,7.93,8.65,8.68,8.78,8.65,7.74,8.24,8.59,8.74,6.07,8.38
25/10/2014,8.48,9.52,10.39,10.49,10.56,10.35,9.57,10.18,10.48,10.5,7.82,10.28
26/10/2014,10.55,11.43,12.19,12.28,12.33,12.14,11.5,12.08,12.33,12.33,9.86,12.17
27/10/2014,11.67,12.49,13.19,13.25,13.27,13.08,12.54,13.09,13.29,13.28,10.92,13.19
28/10/2014,8.02,8.92,9.73,9.86,9.94,9.76,9.05,9.68,9.98,9.99,7.43,9.78
29/10/2014,5.77,6.19,6.5,6.48,6.57,6.59,5.88,6.1,6.35,6.59,4.99,6.23
30/10/2014,6.69,7.34,7.94,8.05,8.19,8.14,7.4,7.88,8.16,8.27,6.21,7.97
31/10/2014,13.44,14.09,14.63,14.63,14.68,14.61,13.9,14.3,14.57,14.72,12.51,14.43
01/11/2014,8.69,9.41,9.83,9.65,9.69,9.58,8.92,9.23,9.54,9.69,7.25,9.4
02/11/2014,6.54,7.48,8.12,8.04,8.07,7.89,7.27,7.77,8.05,8.08,5.35,7.88
03/11/2014,5.21,5.92,6.4,6.35,6.3,6.03,5.96,6.42,6.48,6.29,4.53,6.46
04/11/2014,6.33,6.86,7.12,6.97,6.93,6.81,6.62,6.88,6.97,6.98,5.38,6.98
05/11/2014,6.53,6.94,7.08,6.85,6.83,6.75,6.42,6.59,6.77,6.9,5.15,6.78
06/11/2014,7.76,8.21,8.37,8.22,8.22,8.17,7.89,8.04,8.16,8.26,6.96,8.14
07/11/2014,5.62,6.46,7.02,6.92,7.09,7.04,5.99,6.37,6.84,7.07,4.31,6.49
08/11/2014,5.3,5.98,6.45,6.39,6.41,6.2,5.84,6.27,6.46,6.38,4.43,6.34
09/11/2014,5.53,5.97,6.2,6.08,6.1,5.99,5.72,5.98,6.14,6.17,4.6,6.1
10/11/2014,4.93,5.09,5.06,4.84,5.01,5.2,4.37,4.39,4.76,5.18,3.54,4.58
11/11/2014,6.92,7.42,7.69,7.56,7.65,7.61,7.02,7.28,7.55,7.69,5.83,7.39
12/11/2014,7.74,8.45,8.87,8.67,8.8,8.79,7.73,8.03,8.5,8.82,5.94,8.2
13/11/2014,8.03,8.7,9.11,8.98,9.06,8.96,8.29,8.63,8.96,9.09,6.74,8.76
14/11/2014,6.81,7.51,7.96,7.86,7.89,7.74,7.28,7.67,7.9,7.92,5.73,7.77
15/11/2014,9.11,9.34,9.32,9.12,9.07,9.01,9.09,9.21,9.23,9.23,8.34,9.35
16/11/2014,7.24,7.53,7.53,7.26,7.23,7.2,6.87,6.9,7.05,7.23,5.9,7.04
17/11/2014,7.5,7.99,8.15,7.92,7.91,7.85,7.42,7.54,7.75,7.91,6.24,7.69
18/11/2014,8.18,8.77,9.02,8.76,8.76,8.64,7.97,8.14,8.42,8.6,6.45,8.26
19/11/2014,7.87,8.31,8.41,8.1,8.15,8.15,7.3,7.3,7.68,8.04,6.04,7.47
20/11/2014,7.1,7.61,7.89,7.77,7.86,7.87,7.19,7.43,7.72,7.92,5.99,7.52
21/11/2014,9.26,9.54,9.6,9.44,9.35,9.23,9.32,9.49,9.47,9.41,8.5,9.55
22/11/2014,8.13,8.82,9.22,9.1,9.09,8.94,8.58,8.93,9.1,9.12,7.09,9.03
23/11/2014,2.36,3.01,3.44,3.34,3.52,3.51,2.59,2.92,3.35,3.57,1.21,3.05
24/11/2014,2.41,2.77,2.94,2.83,2.96,2.99,2.36,2.53,2.81,3,1.49,2.62
25/11/2014,3.91,4.26,4.38,4.27,4.34,4.32,3.94,4.08,4.25,4.34,3.23,4.14
26/11/2014,2.01,2.42,2.59,2.47,2.6,2.66,1.99,2.13,2.39,2.62,1.16,2.21
27/11/2014,3.63,3.98,4.06,3.86,3.87,3.86,3.45,3.54,3.71,3.88,2.5,3.66
28/11/2014,5.13,5.6,5.7,5.42,5.5,5.53,4.68,4.65,5,5.36,3.62,4.83
29/11/2014,8.07,8.36,8.35,8.06,8.11,8.17,7.54,7.55,7.82,8.14,6.51,7.75
30/11/2014,7.23,7.55,7.59,7.35,7.42,7.46,6.81,6.84,7.12,7.39,5.9,6.99
01/12/2014,7.33,7.6,7.52,7.28,7.13,6.93,7.08,7.1,7.05,6.95,6.22,7.16
02/12/2014,2.82,3.48,3.83,3.72,3.74,3.57,3.14,3.43,3.63,3.63,1.75,3.51
03/12/2014,2.91,3.07,2.96,2.72,2.76,2.77,2.34,2.35,2.53,2.71,1.47,2.45
04/12/2014,4.8,5.13,5.21,5.06,4.97,4.79,4.83,5.03,5.01,4.89,3.75,5.07
05/12/2014,3.44,4.16,4.63,4.64,4.57,4.23,4.34,4.82,4.78,4.46,3.03,4.81
06/12/2014,5.08,5.5,5.66,5.54,5.55,5.43,5.18,5.39,5.53,5.52,4.15,5.48
07/12/2014,2.74,3.33,3.7,3.63,3.64,3.44,3.23,3.63,3.76,3.65,1.82,3.7
08/12/2014,3.41,4.12,4.57,4.52,4.51,4.27,4.03,4.48,4.62,4.47,2.5,4.54
09/12/2014,5.72,6.15,6.29,6.13,6.15,6.04,5.68,5.84,6.03,6.08,4.58,5.95
10/12/2014,2.73,3.44,3.89,3.78,3.83,3.66,3.06,3.48,3.8,3.82,1.27,3.61
11/12/2014,2.02,2.77,3.26,3.15,3.18,2.97,2.48,2.93,3.2,3.16,0.67,3.05
12/12/2014,0.91,1.63,2.06,1.96,1.97,1.74,1.37,1.78,1.97,1.89,-0.26,1.87
13/12/2014,2.46,2.92,3.13,2.98,3.05,2.97,2.43,2.64,2.89,2.99,1.2,2.75
14/12/2014,4.1,4.65,4.94,4.83,4.82,4.61,4.42,4.73,4.85,4.75,3.12,4.81
15/12/2014,3.27,4.03,4.51,4.46,4.47,4.22,3.89,4.33,4.52,4.4,2.31,4.4
16/12/2014,5.95,6.5,6.75,6.59,6.65,6.53,5.92,6.14,6.44,6.54,4.57,6.27
17/12/2014,6.74,7.39,7.79,7.7,7.7,7.47,7.19,7.58,7.77,7.68,5.67,7.7
18/12/2014,10.51,11.19,11.56,11.41,11.35,11.11,10.88,11.24,11.38,11.3,9.24,11.35
19/12/2014,4.25,5.08,5.62,5.52,5.51,5.24,4.85,5.33,5.54,5.44,2.96,5.43
20/12/2014,6.24,6.93,7.33,7.18,7.17,6.97,6.52,6.89,7.11,7.1,4.79,7
21/12/2014,7.98,8.68,9.07,8.92,8.95,8.76,8.2,8.54,8.81,8.83,6.52,8.65
22/12/2014,9.92,10.64,11.02,10.85,10.77,10.51,10.23,10.59,10.75,10.68,8.45,10.71
23/12/2014,8.19,9.02,9.62,9.66,9.51,9.09,9.53,10.17,10.07,9.61,7.88,10.2
24/12/2014,3.48,4.38,5,4.95,4.97,4.69,4.24,4.77,5,4.87,2.38,4.85
25/12/2014,3.24,3.95,4.4,4.37,4.36,4.09,3.93,4.38,4.5,4.31,2.49,4.42
26/12/2014,1.72,1.96,1.98,1.85,1.89,1.85,1.59,1.7,1.84,1.9,0.87,1.79
27/12/2014,1.19,1.63,1.83,1.75,1.8,1.68,1.38,1.64,1.8,1.78,0.37,1.69
28/12/2014,0.37,0.69,0.77,0.64,0.65,0.53,0.33,0.49,0.6,0.59,-0.53,0.55
29/12/2014,-0.3,-0.29,-0.51,-0.71,-0.64,-0.59,-0.93,-1,-0.85,-0.67,-1.34,-0.91
30/12/2014,1.58,1.67,1.54,1.37,1.5,1.61,1.03,1,1.25,1.49,0.55,1.09
31/12/2014,4.58,5.03,5.25,5.16,5.37,5.43,4.49,4.69,5.1,5.34,3.47,4.76
01/01/2015,9.01,9.8,10.39,10.37,10.42,10.3,9.75,10.18,10.45,10.52,8.34,10.24
02/01/2015,3.14,4.19,5.01,5,5,4.74,4.26,4.86,5.11,5.06,2.37,4.97
03/01/2015,3.09,3.88,4.49,4.46,4.41,4.19,3.96,4.47,4.58,4.51,2.36,4.53
04/01/2015,2.31,2.66,2.83,2.71,2.8,2.85,2.21,2.33,2.59,2.86,1.42,2.42
05/01/2015,5.68,6.24,6.6,6.5,6.47,6.36,6.03,6.33,6.46,6.53,4.78,6.41
06/01/2015,3.71,4.45,4.94,4.82,4.87,4.81,4.04,4.38,4.71,4.93,2.46,4.51
07/01/2015,5.49,6.1,6.48,6.33,6.42,6.4,5.6,5.83,6.18,6.46,4.31,5.99
08/01/2015,5.06,6.01,6.75,6.76,6.76,6.54,6.14,6.72,6.93,6.89,4.39,6.82
09/01/2015,6.75,7.58,8.21,8.19,8.16,7.96,7.71,8.22,8.36,8.31,6.12,8.31
10/01/2015,2.66,3.64,4.34,4.22,4.21,4.03,3.35,3.83,4.15,4.28,1.3,4.01
11/01/2015,4.25,5.07,5.65,5.56,5.56,5.42,4.86,5.28,5.54,5.64,3.22,5.4
12/01/2015,3.88,4.75,5.38,5.3,5.31,5.15,4.61,5.08,5.34,5.43,2.88,5.23
13/01/2015,0.28,1.05,1.63,1.54,1.51,1.33,0.89,1.37,1.6,1.64,-0.92,1.51
14/01/2015,2.38,3.29,4,3.98,3.97,3.77,3.37,3.92,4.12,4.11,1.61,4.02
15/01/2015,1.76,2.66,3.34,3.28,3.28,3.1,2.56,3.07,3.33,3.38,0.7,3.19
16/01/2015,0.43,1.42,2.14,2.1,2.03,1.76,1.49,2.02,2.16,2.09,-0.31,2.13
17/01/2015,0.62,1.44,2.07,2.05,1.95,1.69,1.64,2.17,2.24,2.11,0,2.26
18/01/2015,0.33,0.94,1.32,1.19,1.12,0.98,0.71,1.03,1.17,1.24,-0.72,1.18
19/01/2015,-2.84,-2.26,-1.9,-2.03,-2.05,-2.14,-2.56,-2.27,-2.08,-1.94,-3.93,-2.14
20/01/2015,-1.61,-1.1,-0.83,-1.02,-1.03,-1.09,-1.57,-1.36,-1.14,-0.94,-2.89,-1.21
21/01/2015,0.43,1.1,1.55,1.48,1.42,1.25,1.01,1.38,1.51,1.51,-0.36,1.45
22/01/2015,1.48,2.05,2.4,2.28,2.25,2.13,1.78,2.03,2.19,2.27,0.59,2.12
23/01/2015,3.48,4.01,4.34,4.25,4.28,4.2,3.78,4.03,4.22,4.35,2.74,4.13
24/01/2015,3.4,4.01,4.45,4.43,4.42,4.27,4.06,4.43,4.57,4.55,2.97,4.5
25/01/2015,5.69,6.35,6.84,6.83,6.73,6.51,6.57,7.02,7.03,6.89,5.29,7.06
26/01/2015,4.9,5.67,6.22,6.17,6.11,5.91,5.67,6.12,6.26,6.22,4.13,6.2
27/01/2015,5.6,6.33,6.83,6.73,6.73,6.58,6.1,6.48,6.7,6.79,4.58,6.61
28/01/2015,1.7,2.71,3.47,3.44,3.37,3.09,2.82,3.37,3.52,3.45,0.98,3.48
29/01/2015,1.11,1.98,2.63,2.58,2.51,2.28,2.02,2.52,2.67,2.62,0.3,2.63
30/01/2015,2.03,2.74,3.21,3.1,2.99,2.77,2.68,3.08,3.15,3.12,1.11,3.22
31/01/2015,1.39,2.26,2.9,2.85,2.85,2.68,2.22,2.72,2.94,2.98,0.49,2.85
01/02/2015,-0.03,1.13,2.12,2.23,2.25,1.94,1.33,2.07,2.34,2.23,-0.8,2.15
02/02/2015,-0.41,0.32,0.89,0.88,0.91,0.78,0.12,0.54,0.8,0.89,-1.47,0.65
03/02/2015,-1.29,-0.67,-0.23,-0.28,-0.29,-0.47,-0.94,-0.61,-0.42,-0.4,-2.35,-0.5
04/02/2015,-0.19,0.36,0.79,0.84,0.77,0.56,0.52,0.94,0.95,0.81,-0.65,0.98
05/02/2015,0.86,1.56,2.15,2.23,2.25,2.07,1.7,2.18,2.34,2.28,0.36,2.24
06/02/2015,3.57,3.74,3.79,3.7,3.69,3.71,3.58,3.77,3.84,3.93,2.86,4.01
07/02/2015,5.75,5.98,6.06,5.95,5.84,5.7,5.67,5.8,5.78,5.76,4.82,5.85
08/02/2015,2.97,3.07,3,2.79,2.8,2.87,2.31,2.27,2.44,2.76,1.55,2.4
09/02/2015,2.44,2.65,2.78,2.77,2.78,2.75,2.52,2.7,2.75,2.82,1.89,2.73
10/02/2015,2.64,2.99,3.27,3.31,3.43,3.4,2.93,3.19,3.35,3.43,2.29,3.26
11/02/2015,1.62,2.24,2.77,2.87,2.96,2.81,2.34,2.78,2.96,2.93,1.25,2.82
12/02/2015,3.19,4.11,4.88,4.97,5.01,4.76,4.25,4.83,5.05,4.98,2.58,4.9
13/02/2015,4.3,5.14,5.79,5.78,5.87,5.74,4.88,5.34,5.68,5.83,3.16,5.46
14/02/2015,3.47,4.31,5.01,5.11,5.2,5.04,4.44,4.98,5.24,5.25,2.91,5.08
15/02/2015,3.47,4.12,4.66,4.71,4.83,4.79,4.26,4.75,5,5.09,2.96,4.97
16/02/2015,2.28,3.28,4.13,4.25,4.4,4.24,3.32,3.93,4.32,4.38,1.59,4.01
17/02/2015,3.6,4.15,4.54,4.51,4.56,4.45,3.89,4.19,4.41,4.5,2.68,4.29
18/02/2015,5.61,6.33,6.89,6.87,6.91,6.78,6.12,6.54,6.8,6.89,4.53,6.64
19/02/2015,4.98,6.04,6.93,7.03,7.12,6.88,6.13,6.78,7.11,7.1,4.25,6.88
20/02/2015,2.2,2.97,3.6,3.67,3.71,3.51,3.03,3.53,3.73,3.69,1.56,3.59
21/02/2015,1.89,2.75,3.47,3.54,3.52,3.24,2.91,3.48,3.63,3.49,1.27,3.54
22/02/2015,4.44,5.05,5.52,5.57,5.52,5.28,5.18,5.59,5.66,5.52,4.02,5.65
23/02/2015,1.31,2.32,3.17,3.26,3.31,3.08,2.4,3.03,3.32,3.29,0.55,3.1
24/02/2015,2.11,3.15,4,4.07,4.11,3.85,3.19,3.83,4.11,4.07,1.2,3.92
25/02/2015,5.67,6.43,7.06,7.12,7.09,6.85,6.61,7.13,7.24,7.12,5.09,7.2
26/02/2015,3.43,4.37,5.13,5.2,5.24,5.02,4.41,4.98,5.25,5.24,2.63,5.08
27/02/2015,2.39,3.28,4.04,4.14,4.22,4.03,3.4,3.98,4.25,4.23,1.79,4.05
28/02/2015,4.88,5.82,6.58,6.63,6.68,6.47,5.81,6.38,6.66,6.66,3.98,6.48
01/03/2015,2.72,3.69,4.55,4.58,4.57,4.32,3.7,4.33,4.6,4.57,1.65,4.43
02/03/2015,0.29,1.15,1.9,1.89,1.95,1.82,0.94,1.44,1.82,1.96,-0.91,1.59
03/03/2015,0.02,0.92,1.75,1.81,1.85,1.67,0.99,1.58,1.88,1.91,-0.83,1.68
04/03/2015,3.03,3.87,4.63,4.65,4.64,4.43,3.84,4.39,4.64,4.65,2.01,4.48
05/03/2015,6.45,7.22,7.87,7.86,7.78,7.55,7.16,7.64,7.79,7.75,5.46,7.72
06/03/2015,8.32,9.02,9.62,9.62,9.57,9.36,9.01,9.44,9.61,9.58,7.55,9.54
07/03/2015,9.11,9.9,10.56,10.52,10.46,10.27,9.82,10.29,10.47,10.5,8.01,10.41
08/03/2015,5.16,6.19,7.12,7.22,7.22,6.97,6.44,7.13,7.36,7.3,4.48,7.23
09/03/2015,4.29,4.78,5.2,5.12,5.21,5.19,4.28,4.55,4.91,5.19,2.89,4.69
10/03/2015,4.16,4.92,5.58,5.57,5.6,5.48,4.76,5.19,5.48,5.6,3.13,5.3
11/03/2015,5.14,5.45,5.65,5.49,5.54,5.57,4.85,4.96,5.24,5.56,3.73,5.13
12/03/2015,4.23,4.69,5.02,4.89,4.96,4.95,4.06,4.21,4.56,4.86,2.92,4.36
13/03/2015,2.45,3.23,3.78,3.64,3.65,3.55,2.63,2.9,3.26,3.53,0.89,3.09
14/03/2015,0.52,1.21,1.81,1.74,1.82,1.73,0.75,1.14,1.54,1.78,-1.02,1.29
15/03/2015,2.42,2.93,3.33,3.27,3.28,3.18,2.65,2.9,3.1,3.22,1.57,3
16/03/2015,3.51,4.33,5.03,5.03,5.02,4.84,4.22,4.69,4.94,5,2.55,4.79
17/03/2015,4.43,5.04,5.5,5.37,5.43,5.37,4.47,4.71,5.06,5.32,3.07,4.86
18/03/2015,3.85,4.52,5.14,5.23,5.28,5.13,4.63,5.08,5.27,5.26,3.45,5.11
19/03/2015,5.69,5.95,6.13,6.02,6.04,6.04,5.51,5.6,5.78,6,4.73,5.71
20/03/2015,5.64,6.27,6.78,6.74,6.7,6.54,6.08,6.44,6.59,6.64,4.65,6.52
21/03/2015,6.66,7.32,7.88,7.86,7.82,7.63,7.24,7.64,7.79,7.79,5.85,7.73
22/03/2015,5.34,5.67,5.86,5.66,5.66,5.67,4.93,5.01,5.23,5.55,3.78,5.14
23/03/2015,5.58,6.51,7.34,7.39,7.36,7.11,6.6,7.18,7.38,7.33,4.74,7.24
24/03/2015,3.59,4.32,4.98,5.06,5.02,4.77,4.57,5.08,5.15,5.01,3.22,5.13
25/03/2015,1.51,2.13,2.67,2.68,2.81,2.82,1.94,2.29,2.64,2.89,0.69,2.42
26/03/2015,4.13,5.01,5.79,5.85,5.83,5.6,5.16,5.73,5.91,5.85,3.43,5.8
27/03/2015,5.73,6.4,6.96,6.93,6.85,6.62,6.34,6.74,6.85,6.81,4.92,6.83
28/03/2015,7.47,8.39,9.21,9.28,9.17,8.86,8.7,9.33,9.4,9.21,6.89,9.4
29/03/2015,4.87,5.82,6.66,6.71,6.7,6.47,5.94,6.54,6.77,6.75,4.09,6.64
30/03/2015,5.2,6.14,6.95,6.97,6.92,6.64,6.22,6.79,6.98,6.91,4.38,6.89
31/03/2015,3.59,4.67,5.62,5.65,5.61,5.34,4.77,5.43,5.68,5.65,2.6,5.56
01/04/2015,3.07,4.14,5.05,5.14,5.2,4.96,4.16,4.79,5.13,5.08,2.21,4.89
02/04/2015,5.47,6.37,7.11,7.15,7.12,6.85,6.44,6.95,7.14,7.01,4.77,7.06
03/04/2015,6.04,6.95,7.68,7.71,7.71,7.49,6.9,7.4,7.63,7.58,5.17,7.49
04/04/2015,9.4,10.19,10.85,10.92,10.9,10.68,10.32,10.8,10.95,10.81,8.9,10.86
05/04/2015,10.08,10.49,10.77,10.76,10.72,10.59,10.39,10.61,10.65,10.59,9.53,10.65
06/04/2015,9.22,9.38,9.42,9.42,9.41,9.39,9.26,9.27,9.26,9.27,9.13,9.27
07/04/2015,8.18,8.8,9.26,9.29,9.38,9.28,8.6,8.85,9.09,9.15,7.7,8.91
08/04/2015,9.09,9.42,9.58,9.47,9.55,9.59,8.85,8.88,9.15,9.4,8.1,9.03
09/04/2015,8.45,8.89,9.16,9.08,9.21,9.23,8.34,8.42,8.75,9,7.56,8.56
10/04/2015,8.59,8.96,9.17,9.15,9.21,9.16,8.66,8.76,8.93,9.01,8.12,8.85
11/04/2015,3.76,5.05,6.14,6.26,6.23,5.84,5.31,6.09,6.3,6.07,3.03,6.15
12/04/2015,4.41,5.56,6.54,6.65,6.66,6.34,5.78,6.49,6.72,6.56,3.7,6.58
13/04/2015,4.85,5.64,6.26,6.29,6.42,6.31,5.38,5.75,6.07,6.18,4.05,5.83
14/04/2015,7.95,8.92,9.69,9.71,9.72,9.53,8.83,9.35,9.62,9.62,6.95,9.47
15/04/2015,7.79,8.7,9.48,9.57,9.59,9.35,8.83,9.39,9.6,9.48,7.16,9.45
16/04/2015,6.2,7.06,7.73,7.78,7.8,7.58,7.05,7.5,7.69,7.62,5.63,7.58
17/04/2015,6.54,7.22,7.77,7.74,7.98,8.06,6.71,7.01,7.53,7.89,5.31,7.18
18/04/2015,6.85,7.39,7.76,7.68,7.91,7.96,6.61,6.72,7.25,7.63,5.57,6.88
19/04/2015,5.7,6.21,6.57,6.53,6.65,6.64,5.71,5.91,6.24,6.45,4.64,6.01
20/04/2015,7.03,7.94,8.59,8.57,8.7,8.61,7.53,7.85,8.25,8.45,6.03,7.99
21/04/2015,7.9,8.52,9.01,9.08,9.19,9.1,8.43,8.75,8.99,9.02,7.5,8.81
22/04/2015,8.84,9.43,9.95,10.08,10.26,10.24,9.49,9.84,10.12,10.18,8.68,9.89
23/04/2015,9.59,9.96,10.2,10.18,10.35,10.41,9.58,9.67,9.98,10.21,9.03,9.79
24/04/2015,6.23,6.89,7.37,7.33,7.44,7.41,6.45,6.71,7.05,7.26,5.14,6.83
25/04/2015,5.62,6.75,7.72,7.82,7.81,7.48,6.93,7.64,7.88,7.71,4.8,7.74
26/04/2015,2.36,3.37,4.24,4.38,4.42,4.17,3.63,4.24,4.46,4.32,2,4.3
27/04/2015,1.76,2.72,3.53,3.64,3.58,3.23,3.08,3.69,3.73,3.45,1.49,3.74
28/04/2015,3.49,4.49,5.36,5.45,5.47,5.2,4.62,5.24,5.48,5.36,2.75,5.33
29/04/2015,3.94,5.09,6.12,6.29,6.26,5.89,5.55,6.33,6.47,6.18,3.55,6.37
30/04/2015,6.26,7.5,8.53,8.66,8.64,8.27,7.74,8.44,8.66,8.44,5.74,8.5
01/05/2015,4.7,5.58,6.19,6.16,6.27,6.16,5.12,5.45,5.86,6.12,3.65,5.63
02/05/2015,2.88,4.04,5.02,5.21,5.38,5.18,4.15,4.83,5.23,5.29,2.44,4.88
03/05/2015,9.84,10.81,11.5,11.46,11.31,11,10.69,11.2,11.31,11.26,8.68,11.33
04/05/2015,7.99,9.03,9.87,9.96,9.98,9.75,9.11,9.74,9.98,9.99,7.2,9.85
05/05/2015,6,6.86,7.52,7.53,7.62,7.52,6.57,7.05,7.42,7.63,4.83,7.19
06/05/2015,6.24,7.54,8.66,8.87,8.9,8.59,7.96,8.78,9,8.88,5.9,8.81
07/05/2015,5.61,6.55,7.25,7.24,7.37,7.27,6.16,6.65,7.09,7.36,4.29,6.84
08/05/2015,6.54,7.42,8.13,8.23,8.21,7.96,7.61,8.19,8.31,8.22,6.06,8.28
09/05/2015,8.77,9.72,10.53,10.67,10.67,10.42,10.02,10.68,10.83,10.73,8.32,10.76
10/05/2015,10.64,11.43,12.07,12.16,12.14,11.92,11.54,12.09,12.21,12.16,10.02,12.16
11/05/2015,10.86,11.78,12.48,12.47,12.51,12.35,11.47,12,12.35,12.51,9.47,12.15
12/05/2015,7.52,8.8,9.87,10.03,10.05,9.76,9.09,9.88,10.13,10.07,6.9,9.97
13/05/2015,5.77,6.72,7.54,7.66,7.88,7.79,6.65,7.23,7.69,7.89,5.01,7.36
14/05/2015,7.56,8.42,9.11,9.2,9.34,9.21,8.25,8.74,9.1,9.24,6.79,8.82
15/05/2015,6.35,7.09,7.64,7.68,7.75,7.68,6.91,7.3,7.57,7.74,5.59,7.39
16/05/2015,7.23,8.39,9.38,9.53,9.52,9.2,8.7,9.48,9.67,9.54,6.6,9.56
17/05/2015,7.84,8.8,9.62,9.75,9.74,9.49,9.11,9.78,9.92,9.82,7.33,9.87
18/05/2015,6.56,7.62,8.5,8.6,8.63,8.39,7.69,8.38,8.66,8.66,5.63,8.49
19/05/2015,6.58,7.66,8.56,8.69,8.72,8.45,7.79,8.48,8.74,8.69,5.84,8.56
20/05/2015,6.86,8.17,9.34,9.64,9.66,9.3,8.9,9.81,9.94,9.68,6.97,9.82
21/05/2015,8.21,9.1,9.87,10.05,10.08,9.87,9.45,10.08,10.21,10.12,8.02,10.11
22/05/2015,11.29,12.45,13.45,13.67,13.62,13.29,13.07,13.88,13.94,13.7,11.23,13.9
23/05/2015,10.3,10.84,11.2,11.16,11.22,11.23,10.54,10.81,11.04,11.3,9.34,10.95
24/05/2015,9.25,10.24,11.04,11.15,11.08,10.75,10.56,11.23,11.28,11.11,8.75,11.31
25/05/2015,9.58,10.68,11.61,11.78,11.82,11.57,10.95,11.68,11.9,11.84,9.07,11.74
26/05/2015,9.74,10.76,11.62,11.75,11.76,11.51,11.01,11.68,11.87,11.81,9.17,11.78
27/05/2015,8.7,9.66,10.43,10.5,10.53,10.31,9.68,10.24,10.47,10.49,8,10.35
28/05/2015,7.1,8.29,9.28,9.41,9.4,9.09,8.56,9.33,9.52,9.41,6.43,9.42
29/05/2015,6.85,8.08,9.11,9.25,9.28,8.97,8.26,9.03,9.31,9.25,6.11,9.13
30/05/2015,5.6,6.58,7.39,7.53,7.61,7.43,6.72,7.33,7.59,7.61,5.08,7.41
31/05/2015,7.51,8.68,9.64,9.75,9.77,9.48,8.76,9.48,9.76,9.73,6.62,9.57
01/06/2015,5.36,6.47,7.52,7.75,7.82,7.46,6.81,7.59,7.85,7.65,4.88,7.62
02/06/2015,6.97,8.15,9.27,9.52,9.53,9.15,8.68,9.54,9.73,9.48,6.51,9.58
03/06/2015,8.18,9.2,10.15,10.32,10.41,10.16,9.29,10,10.33,10.29,7.27,10.06
04/06/2015,10.11,10.96,11.75,12,12.04,11.78,11.47,12.05,12.15,11.97,10.29,12.1
05/06/2015,11.21,11.91,12.54,12.62,12.61,12.37,11.89,12.41,12.57,12.5,10.24,12.47
06/06/2015,9.03,10.11,11.11,11.3,11.33,10.99,10.33,11.09,11.35,11.2,8.24,11.16
07/06/2015,8.46,9.51,10.52,10.77,10.78,10.39,9.94,10.74,10.89,10.61,8.05,10.73
08/06/2015,7.39,8.19,8.91,9.05,9.16,8.93,8.16,8.7,8.97,8.94,6.65,8.75
09/06/2015,8.27,9.08,9.88,10.08,10.22,10,9.25,9.84,10.13,10.06,7.83,9.88
10/06/2015,10.16,10.89,11.59,11.73,11.91,11.7,10.86,11.35,11.68,11.68,9.58,11.43
11/06/2015,10.85,11.48,12.13,12.31,12.55,12.44,11.48,11.95,12.35,12.41,10.4,12.01
12/06/2015,9.71,10.84,12.09,12.64,12.85,12.5,12.16,13.12,13.26,12.84,11.08,13.05
13/06/2015,8.99,10.08,11.2,11.54,11.67,11.32,10.7,11.58,11.84,11.58,8.88,11.55
14/06/2015,8.59,9.76,10.88,11.16,11.27,10.93,10.22,11.04,11.32,11.13,8.35,11.04
15/06/2015,12.28,12.99,13.64,13.76,13.72,13.4,13.12,13.66,13.76,13.57,11.65,13.72
16/06/2015,13.72,14.45,15.1,15.22,15.14,14.86,14.63,15.16,15.21,15.04,13.1,15.19
17/06/2015,12.73,13.89,14.97,15.22,15.18,14.74,14.44,15.29,15.4,15.07,12.37,15.31
18/06/2015,10.9,11.92,12.86,13.05,13.01,12.67,12.28,13.04,13.16,12.94,10.25,13.07
19/06/2015,11.54,12.35,13.15,13.39,13.37,13.02,12.86,13.54,13.57,13.26,11.42,13.53
20/06/2015,14.45,15.46,16.4,16.61,16.62,16.27,15.86,16.6,16.75,16.52,14.04,16.64
21/06/2015,9.8,10.94,12.04,12.3,12.32,11.93,11.47,12.34,12.51,12.23,9.4,12.34
22/06/2015,10.97,11.99,12.95,13.15,13.2,12.86,12.22,12.95,13.2,13.03,10.33,12.97
23/06/2015,11.16,11.8,12.38,12.51,12.61,12.53,11.79,12.21,12.48,12.58,10.52,12.3
24/06/2015,15.18,15.86,16.38,16.44,16.31,16,15.94,16.32,16.3,16.13,14.68,16.37
25/06/2015,13.1,13.94,14.75,14.99,15.07,14.82,14.38,15,15.17,15.02,13.06,15.03
26/06/2015,15.33,16.13,16.85,16.98,16.98,16.73,16.29,16.86,17.01,16.91,14.68,16.92
27/06/2015,12.9,13.65,14.36,14.5,14.57,14.37,13.74,14.3,14.53,14.49,12.19,14.37
28/06/2015,14.04,14.94,15.79,15.92,16,15.76,14.96,15.6,15.91,15.89,13.03,15.69
29/06/2015,13.96,14.73,15.47,15.66,15.73,15.49,14.97,15.55,15.74,15.62,13.58,15.59
30/06/2015,17.54,18.45,19.33,19.54,19.61,19.33,18.82,19.5,19.7,19.56,17.2,19.58
01/07/2015,17.56,18.01,18.46,18.66,18.78,18.73,18.21,18.6,18.78,18.79,17.51,18.65
02/07/2015,14.92,15.57,16.17,16.27,16.35,16.22,15.57,16.05,16.3,16.34,14.08,16.14
03/07/2015,15,15.69,16.32,16.47,16.55,16.34,15.76,16.25,16.46,16.39,14.52,16.31
04/07/2015,15.41,16.2,16.93,17.02,17.06,16.83,16.19,16.75,17,16.96,14.46,16.82
05/07/2015,13.29,13.86,14.4,14.46,14.55,14.42,13.72,14.15,14.42,14.46,12.33,14.23
06/07/2015,11.07,12.07,12.98,13.19,13.26,13,12.31,12.95,13.19,13.08,10.68,12.97
07/07/2015,12.5,13.6,14.63,14.85,14.89,14.6,13.92,14.7,14.93,14.77,11.87,14.68
08/07/2015,12.12,13.26,14.32,14.51,14.52,14.15,13.53,14.34,14.59,14.38,11.34,14.38
09/07/2015,11.65,12.25,12.83,12.88,12.87,12.58,12.23,12.69,12.85,12.69,10.82,12.76
10/07/2015,15.19,15.95,16.73,16.88,16.82,16.47,16.42,17.07,17.11,16.81,14.81,17.14
11/07/2015,11.48,12.34,13.15,13.31,13.39,13.18,12.45,13.09,13.37,13.32,10.72,13.17
12/07/2015,12.25,13.29,14.26,14.42,14.45,14.16,13.5,14.24,14.51,14.39,11.43,14.32
13/07/2015,13.55,14.46,15.31,15.44,15.47,15.19,14.6,15.24,15.48,15.37,12.76,15.32
14/07/2015,10.49,11.59,12.61,12.85,12.89,12.54,11.95,12.74,12.97,12.75,10.06,12.77
15/07/2015,9.88,10.86,11.74,11.89,11.98,11.68,10.84,11.5,11.84,11.76,8.99,11.58
16/07/2015,10.76,11.58,12.32,12.45,12.52,12.27,11.61,12.15,12.39,12.32,10.13,12.22
17/07/2015,12.32,13.41,14.44,14.65,14.67,14.32,13.72,14.55,14.78,14.56,11.58,14.55
18/07/2015,10.82,11.8,12.71,12.88,12.96,12.71,11.9,12.6,12.91,12.85,9.92,12.67
19/07/2015,11.8,12.86,13.84,14.04,14.08,13.77,13.14,13.89,14.13,13.97,11.19,13.93
20/07/2015,13.61,14.33,14.97,15.04,15.08,14.87,14.27,14.69,14.93,14.92,12.84,14.81
21/07/2015,12.01,13.15,14.21,14.42,14.42,14.02,13.54,14.33,14.52,14.25,11.55,14.37
22/07/2015,11.34,12.42,13.44,13.67,13.65,13.29,12.94,13.73,13.86,13.58,11,13.76
23/07/2015,10.68,11.65,12.51,12.65,12.75,12.53,11.68,12.3,12.63,12.62,9.86,12.39
24/07/2015,9.01,9.85,10.59,10.74,10.94,10.88,9.69,10.21,10.66,10.87,8.13,10.33
25/07/2015,8.52,9.5,10.41,10.62,10.77,10.6,9.56,10.26,10.64,10.68,7.73,10.31
26/07/2015,10.69,11.43,12.12,12.23,12.3,12.05,11.43,12,12.24,12.14,9.91,12.06
27/07/2015,12.83,13.81,14.72,14.82,14.71,14.23,14.07,14.73,14.82,14.47,12.13,14.77
28/07/2015,11.18,12.13,13.01,13.13,13.11,12.79,12.28,12.94,13.15,13,10.33,13.01
29/07/2015,10.44,11.4,12.27,12.39,12.45,12.19,11.41,12.05,12.36,12.3,9.48,12.12
30/07/2015,10.74,11.64,12.48,12.6,12.61,12.32,11.76,12.39,12.61,12.49,9.91,12.46
31/07/2015,10.77,11.66,12.47,12.58,12.62,12.36,11.71,12.3,12.54,12.46,9.92,12.36
01/08/2015,10.49,11.36,12.15,12.28,12.31,12.08,11.57,12.18,12.38,12.35,9.99,12.3
02/08/2015,12.98,13.76,14.5,14.64,14.61,14.34,14.11,14.72,14.81,14.66,12.67,14.82
03/08/2015,14.01,15.05,16.01,16.14,16.09,15.73,15.34,16.08,16.23,16.06,13.33,16.12
04/08/2015,12.36,13.33,14.27,14.46,14.46,14.17,13.77,14.57,14.72,14.57,11.86,14.64
05/08/2015,12.31,13.16,13.95,14.06,14.03,13.75,13.36,13.98,14.13,14.02,11.67,14.06
06/08/2015,11.06,11.84,12.54,12.56,12.64,12.52,11.57,12.1,12.49,12.67,9.7,12.23
07/08/2015,10.6,11.38,12.09,12.21,12.24,12.03,11.58,12.13,12.29,12.26,10.12,12.21
08/08/2015,9.59,10.13,10.58,10.55,10.62,10.55,9.84,10.14,10.41,10.62,8.54,10.3
09/08/2015,14.58,15.29,15.97,16,15.95,15.72,15.44,15.97,16.1,16.04,13.77,16.1
10/08/2015,13.4,14.25,15.05,15.23,15.23,15.01,14.61,15.28,15.43,15.35,13.03,15.35
11/08/2015,12.2,12.98,13.69,13.77,13.82,13.65,13.03,13.58,13.82,13.87,11.43,13.71
12/08/2015,11.41,11.85,12.22,12.15,12.32,12.42,11.28,11.55,12,12.44,9.91,11.77
13/08/2015,11.4,12.11,12.74,12.88,13.04,13.04,12.08,12.55,12.9,13.13,10.82,12.66
14/08/2015,11.62,12.44,13.2,13.4,13.51,13.37,12.62,13.24,13.52,13.56,11.27,13.32
15/08/2015,10.16,11,11.77,11.84,11.85,11.63,11.05,11.63,11.86,11.86,9.25,11.75
16/08/2015,11.82,12.42,12.93,12.94,13.04,12.97,12.15,12.5,12.79,13,10.89,12.64
17/08/2015,15.62,15.93,16.21,16.14,16.1,15.95,15.74,15.94,16.02,16.05,14.77,16.05
18/08/2015,16.33,16.65,16.92,16.81,16.77,16.59,16.32,16.49,16.6,16.64,15.31,16.61
19/08/2015,13.01,13.77,14.41,14.46,14.49,14.3,13.71,14.14,14.37,14.43,12.35,14.26
20/08/2015,14.8,15.59,16.36,16.48,16.42,16.1,15.88,16.53,16.63,16.44,14.2,16.58
21/08/2015,14.85,15.73,16.55,16.62,16.61,16.39,15.84,16.48,16.7,16.71,13.88,16.6
22/08/2015,13.29,14,14.65,14.73,14.75,14.55,13.94,14.45,14.68,14.69,12.46,14.52
23/08/2015,12.24,13.22,14.13,14.35,14.46,14.32,13.36,14.1,14.45,14.51,11.53,14.14
24/08/2015,12.88,13.59,14.28,14.44,14.48,14.32,13.8,14.4,14.56,14.53,12.37,14.41
25/08/2015,9.03,10.02,10.9,11.07,11.12,10.9,10.19,10.84,11.1,11.09,8.49,10.9
26/08/2015,11.59,12.46,13.23,13.33,13.37,13.18,12.5,13.09,13.35,13.39,10.84,13.19
27/08/2015,12.57,13.3,13.98,14.04,14,13.74,13.39,13.94,14.07,13.99,11.78,14.01
28/08/2015,12.88,13.65,14.34,14.39,14.4,14.18,13.61,14.14,14.36,14.38,11.95,14.25
29/08/2015,13.46,14.33,15.14,15.24,15.21,14.93,14.53,15.18,15.34,15.25,12.71,15.27
30/08/2015,12.2,12.82,13.38,13.39,13.41,13.23,12.61,13.05,13.28,13.34,11.08,13.13
31/08/2015,11.54,12.37,13.17,13.38,13.4,13.17,12.75,13.43,13.59,13.48,11.27,13.48
01/09/2015,10.82,11.46,12.13,12.2,12.19,11.94,11.53,12.09,12.24,12.13,9.9,12.17
02/09/2015,9.46,10.37,11.29,11.48,11.51,11.22,10.64,11.38,11.58,11.44,8.81,11.45
03/09/2015,9.4,10.43,11.45,11.67,11.7,11.41,10.79,11.58,11.8,11.66,8.89,11.64
04/09/2015,10.81,11.65,12.5,12.64,12.62,12.33,11.84,12.49,12.66,12.52,10.13,12.52
05/09/2015,10.82,11.67,12.56,12.75,12.76,12.48,11.98,12.73,12.92,12.75,10.2,12.8
06/09/2015,11.62,12.21,12.85,12.96,12.95,12.7,12.41,12.94,13.03,12.88,11.06,12.98
07/09/2015,11.36,11.57,11.88,11.99,12.07,12.01,11.62,11.95,12.08,12.09,10.93,12.01
08/09/2015,13.84,14.31,14.86,15.11,15.08,14.85,14.9,15.34,15.24,14.97,14.37,15.3
09/09/2015,11.37,11.68,11.99,11.91,12.04,12.04,11.06,11.25,11.64,11.94,9.9,11.44
10/09/2015,12.68,13.35,14.01,14.11,14.18,14,13.25,13.75,14.02,14.04,11.82,13.84
11/09/2015,11.96,12.68,13.34,13.41,13.55,13.48,12.41,12.85,13.25,13.46,10.9,12.98
12/09/2015,11.31,12.1,12.93,13.09,13.07,12.78,12.45,13.13,13.24,13.05,10.72,13.17
13/09/2015,10.07,10.93,11.78,11.98,12.09,11.88,11.07,11.74,12.03,11.99,9.51,11.82
14/09/2015,10.79,11.38,11.9,11.85,11.97,11.9,10.77,11.06,11.48,11.76,9.25,11.21
15/09/2015,10.05,10.92,11.78,11.97,11.99,11.76,11.27,11.93,12.1,12,9.67,12
16/09/2015,7.68,8.3,8.91,9.02,9.14,9.05,8.22,8.7,8.99,9.1,6.88,8.8
17/09/2015,10.33,10.97,11.63,11.73,11.78,11.59,11.02,11.54,11.74,11.71,9.6,11.63
18/09/2015,11.8,12.51,13.2,13.28,13.31,13.13,12.51,12.99,13.21,13.23,11.05,13.07
19/09/2015,9.32,9.71,10.1,10.17,10.29,10.27,9.62,9.9,10.12,10.27,8.83,10.01
20/09/2015,10.68,11.32,11.99,12.11,12.15,11.95,11.45,11.99,12.16,12.11,10.03,12.06
21/09/2015,9.88,10.71,11.52,11.69,11.84,11.72,10.65,11.3,11.69,11.8,8.95,11.41
22/09/2015,9.72,10.49,11.28,11.45,11.43,11.13,10.84,11.48,11.57,11.37,9.33,11.53
23/09/2015,9.5,10.16,10.84,10.98,10.98,10.75,10.4,10.94,11.04,10.93,9.09,10.99
24/09/2015,8.61,9.61,10.6,10.82,10.8,10.46,10.08,10.87,11,10.77,8.23,10.93
25/09/2015,8.72,9.53,10.35,10.52,10.6,10.39,9.62,10.29,10.58,10.55,7.88,10.37
26/09/2015,11.52,12.35,13.2,13.42,13.4,13.1,12.86,13.54,13.59,13.34,11.39,13.52
27/09/2015,10.73,11.03,11.35,11.34,11.44,11.42,10.7,10.91,11.16,11.35,9.8,11.02
28/09/2015,9.81,10.08,10.38,10.47,10.63,10.69,9.92,10.16,10.4,10.61,9.33,10.23
29/09/2015,11.34,11.78,12.17,12.24,12.42,12.48,11.44,11.62,11.97,12.27,10.76,11.7
30/09/2015,9.58,9.64,9.75,9.88,10.08,10.26,9.57,9.66,9.86,10.12,9.64,9.73
01/10/2015,9.84,9.8,9.77,9.87,9.97,10.05,9.87,9.95,9.97,10.06,10.15,10
02/10/2015,9.15,9.41,9.55,9.57,9.62,9.57,9.27,9.3,9.36,9.45,9.23,9.36
03/10/2015,9.25,9.71,10.07,10,10,9.84,9.44,9.69,9.84,9.89,8.33,9.8
04/10/2015,7.19,7.88,8.4,8.38,8.5,8.5,7.56,7.89,8.23,8.51,6.23,8.07
05/10/2015,9.18,9.82,10.35,10.47,10.6,10.59,9.84,10.24,10.5,10.68,8.85,10.35
06/10/2015,13.59,14.36,15.05,15.14,15.11,14.86,14.55,15.13,15.24,15.12,13,15.19
07/10/2015,8.18,9.31,10.36,10.67,10.66,10.33,10.14,11.02,11.05,10.74,8.5,11
08/10/2015,8.44,9.14,9.73,9.84,9.88,9.71,9.3,9.78,9.93,9.89,8.17,9.86
09/10/2015,10.3,10.79,11.21,11.23,11.22,11.07,10.82,11.14,11.22,11.22,9.83,11.21
10/10/2015,10.94,11.53,12.01,12.03,12.11,12.02,11.34,11.7,11.94,12.06,10.16,11.79
11/10/2015,10.31,11.19,11.9,11.95,11.94,11.71,11.23,11.74,11.91,11.87,9.63,11.81
12/10/2015,6.78,7.67,8.42,8.55,8.62,8.44,7.85,8.43,8.63,8.61,6.36,8.51
13/10/2015,5.95,6.64,7.26,7.39,7.43,7.29,6.91,7.43,7.55,7.51,5.73,7.5
14/10/2015,6.62,7.22,7.67,7.66,7.75,7.68,6.94,7.2,7.46,7.64,5.91,7.31
15/10/2015,7.89,8.62,9.17,9.17,9.09,8.77,8.65,8.94,8.95,8.8,7.62,8.97
16/10/2015,6.3,6.82,7.28,7.37,7.36,7.19,7.05,7.44,7.44,7.34,6.18,7.46
17/10/2015,7.26,7.75,8.07,8.01,8.05,7.96,7.44,7.6,7.78,7.91,6.61,7.71
18/10/2015,7.8,8.57,9.22,9.3,9.2,8.86,8.93,9.42,9.38,9.12,7.67,9.46
19/10/2015,8.79,9.37,9.89,9.94,9.91,9.71,9.61,10.07,10.11,10,8.44,10.17
20/10/2015,7.89,8.63,9.27,9.42,9.45,9.27,8.91,9.39,9.47,9.39,7.9,9.41
21/10/2015,8.66,9.67,10.56,10.79,10.83,10.62,10.16,10.83,10.95,10.85,8.79,10.86
22/10/2015,9.95,10.92,11.76,11.82,11.81,11.53,11.03,11.68,11.87,11.79,9.12,11.78
23/10/2015,9.61,10.26,10.82,10.88,10.94,10.78,10.27,10.73,10.9,10.92,9,10.83
24/10/2015,6.78,7.81,8.74,8.95,8.95,8.66,8.29,9.07,9.2,9,6.53,9.11
25/10/2015,5.48,6.33,7.02,7.15,7.27,7.18,6.32,6.84,7.14,7.26,4.97,6.94
26/10/2015,9.13,9.56,9.95,10,10.02,9.9,9.53,9.9,10.03,10.03,8.56,9.94
27/10/2015,10.71,11.47,12.12,12.2,12.18,11.94,11.57,12.09,12.21,12.12,10.14,12.13
28/10/2015,8.41,8.83,9.18,9.17,9.28,9.31,8.52,8.85,9.15,9.39,7.33,8.98
29/10/2015,7.86,8.45,8.96,9.05,9.15,9.1,8.38,8.85,9.11,9.23,7.16,8.93
30/10/2015,9.88,10.43,10.87,10.86,10.9,10.8,10.23,10.55,10.75,10.85,9.08,10.65
31/10/2015,11.13,11.77,12.36,12.48,12.49,12.33,11.99,12.49,12.61,12.55,10.79,12.52
01/11/2015,8.95,9.06,8.92,8.79,8.9,9.04,8.57,8.51,8.7,8.96,8.46,8.58
02/11/2015,10.77,10.76,10.53,10.36,10.44,10.55,10.23,10.16,10.3,10.51,10.05,10.22
03/11/2015,8.6,8.75,8.66,8.52,8.57,8.61,8.33,8.3,8.42,8.57,8.01,8.36
04/11/2015,9.15,9.53,9.68,9.57,9.53,9.42,9.42,9.58,9.6,9.56,8.71,9.65
05/11/2015,6.66,7.35,7.7,7.63,7.79,7.82,6.92,7.14,7.51,7.79,5.88,7.28
06/11/2015,10.97,11.51,11.85,11.8,11.78,11.65,11.53,11.93,12,11.92,10.32,11.98
07/11/2015,8.33,8.77,8.95,8.76,8.81,8.79,8.22,8.39,8.65,8.85,7.05,8.54
08/11/2015,9.5,10.03,10.29,10.16,10.22,10.18,9.63,9.89,10.13,10.27,8.43,10
09/11/2015,9.31,9.97,10.31,10.13,10.17,10.09,9.42,9.69,10,10.18,7.87,9.84
10/11/2015,12.08,12.92,13.45,13.29,13.25,13.05,12.61,13.02,13.25,13.27,10.72,13.16
11/11/2015,10.49,11.18,11.6,11.46,11.42,11.21,10.97,11.37,11.52,11.46,9.35,11.48
12/11/2015,8.2,8.9,9.29,9.14,9.19,9.09,8.46,8.78,9.08,9.22,6.92,8.94
13/11/2015,3.45,4.46,5.18,5.15,5.12,4.85,4.5,5.11,5.29,5.18,2.52,5.22
14/11/2015,8.49,8.93,9.12,8.85,8.81,8.67,8.35,8.53,8.73,8.82,6.89,8.71
15/11/2015,10.08,10.45,10.63,10.4,10.38,10.26,9.84,10.09,10.32,10.41,8.31,10.22
16/11/2015,5.01,5.98,6.65,6.61,6.57,6.3,5.99,6.57,6.73,6.62,4.06,6.67
17/11/2015,5.53,6.31,6.77,6.61,6.68,6.57,5.8,6.18,6.54,6.7,4.01,6.36
18/11/2015,6.18,6.96,7.44,7.34,7.39,7.28,6.62,7.03,7.33,7.45,4.96,7.18
19/11/2015,6.99,7.88,8.51,8.48,8.41,8.11,7.97,8.57,8.66,8.45,6.15,8.63
20/11/2015,3.83,4.63,5.18,5.13,5.12,4.89,4.6,5.12,5.27,5.18,2.92,5.23
21/11/2015,2.31,3.09,3.6,3.52,3.45,3.21,3.02,3.48,3.59,3.48,1.36,3.55
22/11/2015,4.1,4.87,5.41,5.4,5.34,5.09,5.04,5.57,5.62,5.43,3.53,5.62
23/11/2015,4.17,4.44,4.47,4.26,4.24,4.14,3.96,4.04,4.14,4.2,3.09,4.13
24/11/2015,6.03,6.68,7.08,6.95,6.9,6.68,6.48,6.88,6.99,6.91,4.9,6.96
25/11/2015,8.74,9.32,9.65,9.51,9.44,9.24,9.16,9.47,9.55,9.47,7.83,9.58
26/11/2015,9.91,10.55,10.98,10.93,10.84,10.59,10.68,11.12,11.1,10.89,9.38,11.16
27/11/2015,9.18,9.74,10.06,9.93,9.92,9.79,9.53,9.82,9.97,9.99,8.26,9.96
28/11/2015,4.49,5.28,5.77,5.66,5.66,5.48,5,5.42,5.67,5.69,3.32,5.57
29/11/2015,6.24,7.2,7.84,7.75,7.71,7.46,7.1,7.61,7.82,7.76,5.22,7.76
30/11/2015,6.95,7.59,7.94,7.73,7.63,7.38,7.31,7.61,7.72,7.65,5.78,7.8
01/12/2015,6.12,6.71,6.99,6.85,6.91,6.81,6.2,6.44,6.73,6.84,4.85,6.58
02/12/2015,9.82,10.19,10.32,10.09,10.11,9.99,9.65,9.87,10.09,10.15,8.23,10.06
03/12/2015,4.27,4.81,5.06,4.96,5,4.86,4.5,4.78,4.96,4.97,3.32,4.9
04/12/2015,6.65,7.38,7.79,7.71,7.68,7.42,7.16,7.53,7.67,7.55,5.7,7.6
05/12/2015,8.71,9.63,10.22,10.2,10.19,9.9,9.56,10.08,10.25,10.1,7.86,10.14
06/12/2015,7.67,8.4,8.79,8.59,8.57,8.36,7.92,8.22,8.46,8.48,6.19,8.39
07/12/2015,7.04,7.83,8.32,8.27,8.28,8.04,7.67,8.13,8.31,8.2,6.08,8.21
08/12/2015,7.85,8.46,8.77,8.57,8.56,8.37,7.92,8.23,8.47,8.48,6.19,8.36
09/12/2015,5.38,6.22,6.75,6.74,6.77,6.56,6.13,6.63,6.82,6.74,4.48,6.7
10/12/2015,3.21,4.23,4.94,4.97,4.99,4.72,4.27,4.92,5.13,4.99,2.37,5
11/12/2015,3.06,3.98,4.6,4.63,4.63,4.33,4.07,4.67,4.81,4.6,2.37,4.73
12/12/2015,0.64,1.2,1.49,1.41,1.55,1.56,0.76,1.08,1.43,1.63,-0.58,1.24
13/12/2015,2.39,2.49,2.32,2.04,2.17,2.29,1.55,1.46,1.81,2.18,0.77,1.63
14/12/2015,4.4,4.79,4.9,4.72,4.73,4.63,4.32,4.44,4.61,4.67,3.29,4.56
15/12/2015,8.92,9.31,9.37,9.11,9.13,9.04,8.54,8.59,8.83,8.99,7.38,8.75
16/12/2015,11.15,11.68,11.93,11.72,11.68,11.48,11.19,11.43,11.6,11.58,9.66,11.55
17/12/2015,10.69,11.28,11.6,11.47,11.46,11.28,10.96,11.29,11.45,11.42,9.45,11.37
18/12/2015,11.56,12.24,12.62,12.51,12.48,12.24,11.93,12.29,12.45,12.36,10.39,12.35
19/12/2015,11.3,12.05,12.5,12.4,12.39,12.17,11.77,12.18,12.38,12.31,10.05,12.26
20/12/2015,6.41,7.3,7.84,7.73,7.8,7.64,6.85,7.29,7.63,7.72,4.9,7.41
21/12/2015,7.74,8.58,9.1,9.05,9.06,8.82,8.37,8.84,9.04,8.97,6.63,8.9
22/12/2015,6.5,7.36,7.91,7.85,7.87,7.65,7.14,7.63,7.87,7.83,5.33,7.73
23/12/2015,5.72,6.61,7.19,7.14,7.13,6.88,6.46,6.98,7.18,7.08,4.58,7.07
24/12/2015,3.19,4.09,4.67,4.61,4.63,4.42,3.86,4.38,4.63,4.6,1.94,4.49
25/12/2015,1.53,2.3,2.75,2.72,2.83,2.74,2.01,2.43,2.75,2.86,0.51,2.57
26/12/2015,1.92,2.72,3.2,3.18,3.32,3.24,2.43,2.88,3.22,3.33,0.93,3.02
27/12/2015,4.75,5.43,5.82,5.82,5.89,5.77,5.27,5.69,5.9,5.89,3.96,5.74
28/12/2015,6.21,6.9,7.29,7.25,7.3,7.13,6.65,7.04,7.26,7.24,5.29,7.12
29/12/2015,7.84,8.53,8.9,8.79,8.84,8.71,8.09,8.44,8.71,8.78,6.53,8.55
30/12/2015,6.03,6.81,7.27,7.22,7.32,7.21,6.46,6.89,7.2,7.28,4.83,6.99
31/12/2015,2.51,3.11,3.43,3.33,3.37,3.24,2.77,3.09,3.3,3.34,1.38,3.19
01/01/2016,2.6,3.22,3.6,3.48,3.52,3.47,2.81,3.09,3.37,3.6,1.45,3.23
02/01/2016,3.08,3.78,4.22,4.12,4.27,4.36,3.19,3.5,3.98,4.41,1.65,3.67
03/01/2016,4.56,5.41,6.03,6,6.04,5.93,5.2,5.69,5.99,6.14,3.48,5.79
04/01/2016,5.42,6.26,6.87,6.83,6.82,6.67,6.13,6.63,6.87,6.93,4.37,6.72
05/01/2016,5,5.79,6.36,6.29,6.25,6.07,5.66,6.13,6.33,6.36,3.94,6.22
06/01/2016,2.14,2.99,3.56,3.52,3.68,3.78,2.67,3.04,3.48,3.89,1.15,3.2
07/01/2016,1.7,2.48,3.04,2.99,3.03,2.99,2.32,2.78,3.05,3.22,0.67,2.9
08/01/2016,2.27,2.77,3.05,2.89,2.83,2.72,2.54,2.72,2.85,2.94,1.47,2.9
09/01/2016,0.59,1.08,1.33,1.15,1.21,1.23,0.51,0.68,1.01,1.33,-0.73,0.89
10/01/2016,2.67,3.4,3.86,3.67,3.63,3.48,3.02,3.32,3.55,3.69,1.36,3.5
11/01/2016,2.91,3.53,3.94,3.88,3.84,3.7,3.47,3.83,3.94,3.96,2.24,3.92
12/01/2016,2.9,3.52,3.91,3.8,3.79,3.69,3.28,3.58,3.77,3.89,2,3.71
13/01/2016,0.3,0.84,1.17,1.03,1.03,0.97,0.5,0.78,1.02,1.19,-0.83,0.95
14/01/2016,0.94,1.69,2.19,2.1,2.05,1.88,1.56,1.92,2.09,2.14,0.11,2.06
15/01/2016,1.37,2.14,2.68,2.63,2.56,2.33,2.17,2.62,2.72,2.66,0.66,2.73
16/01/2016,1.93,1.93,1.81,1.54,1.46,1.46,1.5,1.43,1.46,1.63,0.89,1.58
17/01/2016,3.68,3.78,3.75,3.55,3.49,3.49,3.52,3.54,3.56,3.68,2.95,3.64
18/01/2016,5.43,5.53,5.46,5.22,5.15,5.14,5.11,5.09,5.14,5.29,4.47,5.21
19/01/2016,4.59,4.84,4.91,4.73,4.71,4.68,4.46,4.54,4.65,4.8,3.7,4.65
20/01/2016,2.89,3.13,3.15,2.93,2.94,2.97,2.56,2.55,2.73,2.99,1.81,2.67
21/01/2016,5.55,5.68,5.61,5.38,5.45,5.56,4.92,4.86,5.14,5.53,4.25,4.99
22/01/2016,8.25,8.88,9.3,9.2,9.14,9,8.75,9.08,9.21,9.25,7.37,9.18
23/01/2016,8.7,9.28,9.65,9.57,9.55,9.44,9.12,9.43,9.59,9.67,7.94,9.54
24/01/2016,9.53,10.07,10.42,10.32,10.34,10.29,9.77,10.09,10.32,10.49,8.48,10.2
25/01/2016,10.61,11.56,12.26,12.26,12.2,12,11.68,12.17,12.31,12.28,10.06,12.25
26/01/2016,7.9,8.67,9.19,9.08,9.07,8.93,8.4,8.78,9.03,9.15,6.78,8.93
27/01/2016,4.2,4.97,5.54,5.52,5.54,5.44,4.98,5.47,5.69,5.78,3.44,5.62
28/01/2016,5.53,6.13,6.54,6.39,6.37,6.24,5.75,6.13,6.38,6.5,4.08,6.28
29/01/2016,4.59,5.65,6.42,6.44,6.42,6.22,5.73,6.31,6.54,6.55,3.95,6.45
30/01/2016,0.41,1.51,2.38,2.44,2.41,2.17,1.79,2.51,2.7,2.63,-0.24,2.63
31/01/2016,4.76,5.61,6.22,6.18,6.17,6.01,5.54,6.03,6.24,6.29,3.87,6.13
01/02/2016,4.55,5.45,6.19,6.32,6.36,6.16,5.55,6.19,6.45,6.41,3.85,6.26
02/02/2016,3.25,4.16,4.92,4.97,5,4.79,4.16,4.78,5.06,5.05,2.18,4.89
03/02/2016,4.07,4.94,5.65,5.75,5.76,5.54,5.07,5.63,5.83,5.77,3.48,5.7
04/02/2016,6.39,7.09,7.62,7.6,7.59,7.38,6.98,7.38,7.57,7.55,5.53,7.49
05/02/2016,6.62,7.42,8.08,8.14,8.16,7.97,7.49,8.03,8.23,8.2,5.86,8.12
06/02/2016,3.63,4.43,5.05,5.06,5.07,4.88,4.34,4.79,5.01,5.03,2.75,4.88
07/02/2016,2.54,3.52,4.31,4.42,4.48,4.28,3.56,4.19,4.47,4.46,1.77,4.25
08/02/2016,4.14,5.09,5.85,5.91,5.91,5.65,5.08,5.69,5.93,5.87,3.2,5.76
09/02/2016,2.55,3.38,4.02,4.04,4.07,3.87,3.19,3.69,3.98,4.01,1.43,3.79
10/02/2016,1.92,2.92,3.72,3.79,3.82,3.59,2.95,3.53,3.79,3.79,1.09,3.63
11/02/2016,1.67,2.23,2.59,2.48,2.57,2.51,1.65,1.85,2.23,2.49,0.34,2.03
12/02/2016,1.53,2.17,2.63,2.56,2.62,2.53,1.78,2.09,2.42,2.6,0.34,2.27
13/02/2016,2.32,3.18,3.89,3.91,3.9,3.67,3.18,3.73,3.95,3.9,1.33,3.82
14/02/2016,2.29,3.01,3.58,3.52,3.5,3.28,2.85,3.28,3.48,3.48,1.17,3.4
15/02/2016,0.5,1.37,2.08,2.16,2.18,1.98,1.5,2.08,2.27,2.23,-0.19,2.16
16/02/2016,2.48,3.09,3.58,3.6,3.61,3.45,3.09,3.54,3.68,3.65,1.7,3.6
17/02/2016,2.02,2.8,3.43,3.5,3.52,3.34,2.82,3.34,3.57,3.55,1.31,3.42
18/02/2016,1.65,2.27,2.73,2.68,2.66,2.46,2.1,2.44,2.59,2.58,0.72,2.52
19/02/2016,2.84,3.53,4.08,4.19,4.24,4.13,3.66,4.09,4.26,4.27,2.55,4.14
20/02/2016,5.13,6.27,7.24,7.46,7.4,7.02,6.97,7.76,7.79,7.46,5.26,7.8
21/02/2016,6.25,7.29,8.19,8.31,8.19,7.78,7.84,8.61,8.6,8.25,5.89,8.66
22/02/2016,2.67,3.87,4.88,5.03,4.99,4.64,4.22,4.98,5.14,4.95,2.14,5.02
23/02/2016,1.8,2.67,3.38,3.47,3.45,3.2,2.9,3.47,3.59,3.47,1.34,3.55
24/02/2016,0.3,0.99,1.46,1.38,1.48,1.43,0.49,0.75,1.14,1.41,-0.96,0.92
25/02/2016,0.46,1.06,1.49,1.41,1.46,1.36,0.72,1,1.27,1.42,-0.68,1.13
26/02/2016,1.93,2.74,3.36,3.35,3.33,3.14,2.66,3.09,3.29,3.31,1.04,3.18
27/02/2016,2.29,2.97,3.47,3.41,3.44,3.3,2.7,3.04,3.28,3.37,1.26,3.17
28/02/2016,0.94,1.7,2.31,2.41,2.43,2.24,1.91,2.38,2.5,2.43,0.69,2.44
29/02/2016,3.48,4.1,4.62,4.74,4.75,4.57,4.35,4.79,4.85,4.74,3.34,4.79
01/03/2016,4.42,5.25,5.99,6.02,5.98,5.73,5.38,5.93,6.08,6,3.68,6.02
02/03/2016,2.64,3.49,4.25,4.3,4.28,4.05,3.56,4.14,4.34,4.3,1.83,4.22
03/03/2016,3.2,4.08,4.87,4.97,4.95,4.73,4.31,4.93,5.1,5.02,2.62,5
04/03/2016,2.56,3.5,4.36,4.48,4.41,4.09,3.84,4.54,4.62,4.41,2.04,4.54
05/03/2016,3.08,4.1,4.99,5.08,5.03,4.76,4.33,4.98,5.16,5.06,2.47,5.05
06/03/2016,1.26,1.98,2.6,2.58,2.58,2.45,1.84,2.29,2.55,2.65,0.14,2.41
07/03/2016,1.91,2.78,3.54,3.6,3.58,3.35,2.88,3.44,3.61,3.56,1.21,3.5
08/03/2016,4.09,4.97,5.76,5.87,5.86,5.62,5.24,5.83,5.97,5.87,3.72,5.9
09/03/2016,3.64,4.57,5.37,5.43,5.47,5.31,4.56,5.14,5.45,5.52,2.74,5.26
10/03/2016,5.62,6.17,6.61,6.53,6.47,6.34,6.08,6.34,6.45,6.5,4.89,6.45
11/03/2016,7.64,8.27,8.83,8.83,8.66,8.33,8.56,8.94,8.83,8.56,7.36,8.91
12/03/2016,10.22,10.64,10.99,10.85,10.74,10.56,10.43,10.64,10.71,10.72,9.18,10.75
13/03/2016,7.31,8.25,9.08,9.28,9.38,9.3,8.61,9.23,9.48,9.53,7.26,9.31
14/03/2016,5.82,6.51,7.03,6.97,7.1,7.1,5.99,6.21,6.64,6.99,4.7,6.35
15/03/2016,5.8,6.29,6.7,6.82,6.93,6.99,6.38,6.66,6.85,7.04,5.8,6.7
16/03/2016,6.93,7.03,7.07,6.94,7.03,7.11,6.38,6.37,6.64,6.96,5.9,6.48
17/03/2016,6.27,6.26,6.23,6.17,6.18,6.22,6.02,6.01,6.08,6.21,5.86,6.05
18/03/2016,2.33,2.76,3.1,3.16,3.26,3.28,2.63,2.86,3.08,3.25,2.01,2.91
19/03/2016,4.24,4.9,5.45,5.42,5.47,5.41,4.65,5,5.28,5.46,3.23,5.11
20/03/2016,7.21,7.99,8.65,8.57,8.42,8.05,7.97,8.42,8.5,8.33,6.18,8.54
21/03/2016,4.51,5.26,5.84,5.77,5.76,5.58,4.91,5.26,5.5,5.59,3.3,5.33
22/03/2016,5.55,6.33,6.99,7,7.03,6.89,6.18,6.65,6.93,7.02,4.53,6.74
23/03/2016,5.63,6.64,7.55,7.68,7.65,7.4,7.04,7.73,7.85,7.73,5.25,7.78
24/03/2016,6.14,7.05,7.84,7.9,7.9,7.68,7.16,7.73,7.94,7.92,5.43,7.83
25/03/2016,5.39,6.3,7.1,7.14,7.13,6.9,6.43,6.98,7.16,7.13,4.65,7.07
26/03/2016,5.96,6.96,7.83,7.9,7.91,7.69,7.06,7.68,7.94,7.93,5.19,7.8
27/03/2016,3.22,4.32,5.32,5.48,5.5,5.28,4.64,5.43,5.68,5.63,2.53,5.51
28/03/2016,4.22,5.23,6.13,6.25,6.21,5.95,5.54,6.23,6.39,6.27,3.65,6.28
29/03/2016,2.68,3.71,4.62,4.74,4.72,4.47,4,4.68,4.87,4.77,2.14,4.74
30/03/2016,3.65,4.5,5.23,5.27,5.28,5.1,4.45,4.94,5.2,5.25,2.83,5.03
31/03/2016,4.28,5.1,5.78,5.81,5.84,5.68,5.01,5.44,5.68,5.75,3.55,5.54
01/04/2016,5.04,5.7,6.19,6.12,6.14,5.99,5.4,5.66,5.89,5.94,4.09,5.75
02/04/2016,4.78,5.94,6.88,7.01,7.03,6.73,6.11,6.74,6.97,6.82,4.3,6.79
03/04/2016,6.07,7.02,7.81,7.89,7.89,7.61,7.11,7.69,7.89,7.74,5.37,7.75
04/04/2016,6.93,7.78,8.45,8.47,8.51,8.32,7.62,8.05,8.33,8.31,6.07,8.14
05/04/2016,5.06,6.17,7.1,7.27,7.34,7.13,6.36,7.05,7.33,7.24,4.52,7.09
06/04/2016,3.99,5.11,6.08,6.28,6.31,6.02,5.45,6.19,6.39,6.19,3.63,6.21
07/04/2016,4.9,6.13,7.19,7.36,7.36,7.03,6.46,7.24,7.45,7.23,4.36,7.26
08/04/2016,3.4,4.52,5.46,5.64,5.74,5.52,4.68,5.35,5.66,5.6,2.94,5.39
09/04/2016,1.59,2.66,3.55,3.65,3.62,3.3,2.87,3.49,3.65,3.44,0.99,3.52
10/04/2016,1.53,2.63,3.53,3.71,3.85,3.72,2.7,3.31,3.67,3.71,1.08,3.35
11/04/2016,5.2,6.21,7.04,7.12,7.19,7,6.17,6.75,7.08,7.08,4.33,6.84
12/04/2016,5.82,6.77,7.56,7.64,7.65,7.4,6.89,7.44,7.64,7.52,5.24,7.52
13/04/2016,6.43,7.52,8.4,8.5,8.48,8.16,7.67,8.24,8.43,8.26,5.96,8.3
14/04/2016,7.56,8.49,9.24,9.26,9.28,9.04,8.39,8.89,9.17,9.13,6.67,9.04
15/04/2016,3.68,5.11,6.37,6.65,6.66,6.24,5.78,6.72,6.9,6.55,3.64,6.75
16/04/2016,2.5,3.67,4.73,4.98,4.94,4.55,4.33,5.18,5.26,4.88,2.47,5.18
17/04/2016,3.08,3.9,4.58,4.63,4.64,4.44,3.91,4.4,4.6,4.53,2.29,4.45
18/04/2016,6.76,7.81,8.7,8.77,8.73,8.39,7.94,8.59,8.77,8.56,5.94,8.64
19/04/2016,5.65,6.69,7.55,7.72,7.79,7.58,6.94,7.54,7.77,7.69,5.44,7.62
20/04/2016,6.59,7.4,8.03,8.08,8.18,8.06,7.23,7.6,7.92,7.99,5.96,7.7
21/04/2016,6.84,8.06,9.06,9.27,9.34,9.09,8.38,8.99,9.24,9.13,6.89,9.05
22/04/2016,6.46,7.58,8.47,8.56,8.64,8.44,7.52,8.04,8.41,8.45,5.79,8.18
23/04/2016,4.86,5.94,6.83,6.93,6.93,6.63,6.1,6.69,6.89,6.73,4.34,6.75
24/04/2016,5.91,7.11,8.14,8.34,8.36,8.01,7.4,8.2,8.42,8.18,5.37,8.19
25/04/2016,7,8.11,9.06,9.12,9.04,8.64,8.34,9.02,9.17,8.9,6.22,9.12
26/04/2016,2.88,4.18,5.3,5.49,5.51,5.17,4.54,5.38,5.63,5.4,2.33,5.44
27/04/2016,2.1,3.22,4.14,4.25,4.29,4.03,3.3,3.94,4.22,4.14,1.38,4.03
28/04/2016,2.22,3.19,4.02,4.15,4.14,3.86,3.52,4.13,4.26,4.06,1.92,4.2
29/04/2016,3.92,4.99,5.91,6.03,6,5.66,5.25,5.94,6.1,5.86,3.35,5.99
30/04/2016,5.79,6.63,7.33,7.39,7.35,7.07,6.8,7.29,7.39,7.2,5.34,7.34
01/05/2016,8.59,9.4,10.09,10.17,10.16,9.92,9.56,10.13,10.28,10.19,7.94,10.21
02/05/2016,7.62,8.73,9.66,9.73,9.74,9.46,8.8,9.52,9.8,9.77,6.56,9.65
03/05/2016,7.42,8.49,9.4,9.57,9.52,9.17,8.92,9.62,9.71,9.49,7.18,9.67
04/05/2016,8.27,9.08,9.72,9.72,9.77,9.6,8.91,9.38,9.67,9.77,7.23,9.53
05/05/2016,9.08,10,10.75,10.84,10.91,10.75,10,10.58,10.87,10.94,8.26,10.71
06/05/2016,6.75,7.74,8.58,8.86,8.99,8.89,8.19,8.88,9.12,9.15,6.86,8.94
07/05/2016,6.98,7.98,8.8,9.12,9.31,9.23,8.37,9.04,9.34,9.4,7.28,9.11
08/05/2016,12.73,13.58,14.3,14.51,14.7,14.66,13.64,14.24,14.64,14.81,12.29,14.35
09/05/2016,15.51,16.17,16.59,16.63,16.84,16.91,15.71,15.96,16.42,16.81,14.75,16.11
10/05/2016,13.44,14.22,14.82,14.97,15.16,15.17,14.08,14.51,14.89,15.15,13,14.58
11/05/2016,14.32,15.1,15.74,15.91,16.01,15.88,15.21,15.76,15.98,16,13.98,15.76
12/05/2016,13.37,14.25,15,15.26,15.39,15.29,14.58,15.24,15.48,15.5,13.34,15.27
13/05/2016,11.51,12.59,13.42,13.44,13.5,13.25,12.36,12.88,13.25,13.34,10.49,13.05
14/05/2016,8.5,9.5,10.26,10.29,10.31,10.03,9.38,9.88,10.15,10.16,7.71,10.02
15/05/2016,6.48,7.37,8.05,8.12,8.2,8.05,7.26,7.74,8.04,8.15,5.76,7.86
16/05/2016,6.63,7.77,8.66,8.8,8.86,8.64,7.92,8.49,8.74,8.75,6.35,8.57
17/05/2016,9.06,9.91,10.63,10.77,10.76,10.53,10.32,10.88,10.93,10.81,9.04,10.94
18/05/2016,7.91,9,9.96,10.23,10.32,10.14,9.46,10.29,10.5,10.44,7.67,10.27
19/05/2016,8.63,9.67,10.5,10.56,10.62,10.44,9.65,10.14,10.43,10.55,7.94,10.25
20/05/2016,9.06,9.98,10.71,10.73,10.84,10.73,9.71,10.24,10.65,10.86,7.81,10.4
21/05/2016,10.76,11.87,12.8,12.92,12.95,12.71,12.02,12.73,13,12.99,9.98,12.84
22/05/2016,7.04,7.97,8.74,8.91,9.07,8.99,8.02,8.64,9,9.15,6.44,8.73
23/05/2016,8.94,9.95,10.78,10.94,11,10.77,10.18,10.78,10.98,10.95,8.67,10.86
24/05/2016,10.1,10.93,11.56,11.58,11.7,11.58,10.59,11,11.39,11.59,9.1,11.13
25/05/2016,8.47,9.53,10.35,10.37,10.44,10.2,9.27,9.79,10.16,10.26,7.34,9.93
26/05/2016,6.95,8.03,8.93,9.16,9.29,9.17,8.3,8.99,9.3,9.37,6.71,9.06
27/05/2016,12.41,13.19,13.83,13.95,13.93,13.66,13.46,13.98,14.03,13.87,12.2,14.01
28/05/2016,12.31,13.1,13.75,13.88,13.95,13.77,13.08,13.6,13.86,13.89,11.7,13.66
29/05/2016,12.17,12.84,13.35,13.44,13.65,13.66,12.56,12.95,13.36,13.65,11.45,13.09
30/05/2016,12.38,13.4,14.28,14.53,14.53,14.22,14.05,14.77,14.81,14.55,12.7,14.78
31/05/2016,10.37,11.76,13.01,13.51,13.64,13.35,12.75,13.83,13.99,13.71,11.15,13.75
01/06/2016,12.71,13.84,14.92,15.35,15.49,15.24,14.48,15.35,15.6,15.42,12.97,15.31
02/06/2016,12.09,13.1,14.04,14.32,14.44,14.18,13.38,14.1,14.39,14.28,11.75,14.11
03/06/2016,11.25,12.18,13.1,13.46,13.56,13.3,12.71,13.5,13.68,13.46,11.28,13.43
04/06/2016,12.13,13.02,13.83,14.17,14.45,14.42,13.07,13.72,14.2,14.35,11.83,13.73
05/06/2016,16.97,17.32,17.64,17.78,17.98,18,17.01,17.28,17.63,17.83,16.38,17.32
06/06/2016,16.83,17.08,17.32,17.51,17.81,17.95,16.76,16.98,17.4,17.72,16.41,17.03
07/06/2016,16.9,17.19,17.5,17.72,17.87,17.85,17.3,17.62,17.79,17.83,16.86,17.6
08/06/2016,16.06,16.75,17.41,17.65,17.79,17.66,16.98,17.46,17.69,17.68,16.01,17.47
09/06/2016,14.77,15.41,15.99,16.19,16.42,16.41,15.31,15.72,16.13,16.33,14.29,15.8
10/06/2016,15.99,16.36,16.72,16.76,16.84,16.74,16.2,16.45,16.67,16.76,15.25,16.57
11/06/2016,16.69,17.36,17.98,18.03,18.02,17.72,17.32,17.74,17.92,17.81,15.88,17.83
12/06/2016,14.64,15.41,16.12,16.22,16.27,16,15.36,15.9,16.16,16.09,13.69,15.96
13/06/2016,13.57,14.61,15.56,15.76,15.77,15.41,14.91,15.59,15.78,15.58,13.12,15.62
14/06/2016,13.35,14.34,15.24,15.38,15.42,15.1,14.4,15.05,15.33,15.21,12.43,15.08
15/06/2016,12.4,13.45,14.44,14.7,14.75,14.43,13.86,14.64,14.86,14.67,12.04,14.66
16/06/2016,10.47,11.58,12.61,12.86,12.93,12.61,11.88,12.64,12.92,12.77,10.02,12.68
17/06/2016,9.92,11.14,12.31,12.62,12.69,12.37,11.67,12.59,12.86,12.66,9.53,12.6
18/06/2016,10.47,11.48,12.35,12.52,12.66,12.43,11.35,11.95,12.37,12.41,9.62,12.04
19/06/2016,13.76,14.56,15.34,15.5,15.47,15.13,14.92,15.54,15.63,15.39,13.29,15.58
20/06/2016,12.63,13.66,14.67,14.87,14.87,14.52,14.08,14.88,15.07,14.85,11.95,14.93
21/06/2016,12.53,13.53,14.49,14.67,14.71,14.39,13.8,14.54,14.77,14.62,11.8,14.6
22/06/2016,12.43,13.6,14.68,14.9,15,14.71,13.81,14.59,14.93,14.87,11.7,14.66
23/06/2016,11.87,12.76,13.59,13.76,13.86,13.61,12.8,13.41,13.69,13.64,11.1,13.42
24/06/2016,11.16,12.19,13.13,13.4,13.59,13.42,12.35,13.06,13.44,13.47,10.69,13.09
25/06/2016,11.34,12.35,13.28,13.54,13.64,13.38,12.63,13.35,13.62,13.5,10.94,13.38
26/06/2016,13.2,13.94,14.68,14.81,14.75,14.38,14.26,14.83,14.91,14.65,12.69,14.89
27/06/2016,11.55,12.69,13.77,13.95,13.94,13.55,12.99,13.79,14.02,13.81,10.76,13.84
28/06/2016,11.37,12.24,13.04,13.11,13.09,12.71,12.23,12.79,12.99,12.81,10.4,12.86
29/06/2016,10.93,12.01,13.01,13.23,13.26,12.9,12.3,13.04,13.28,13.08,10.4,13.07
30/06/2016,10.47,11.37,12.17,12.24,12.31,12.05,11.2,11.75,12.07,12.09,9.3,11.84
01/07/2016,9.57,10.66,11.68,11.86,11.88,11.57,10.96,11.74,11.98,11.81,8.84,11.79
02/07/2016,10.31,11.36,12.35,12.56,12.55,12.16,11.81,12.59,12.72,12.43,9.9,12.6
03/07/2016,10.79,11.85,12.83,13.02,13.04,12.71,12.09,12.84,13.09,12.91,10.1,12.88
04/07/2016,10.63,11.63,12.54,12.7,12.73,12.42,11.81,12.49,12.72,12.57,9.95,12.55
05/07/2016,11.02,12.03,12.94,13.06,13.1,12.82,12.04,12.7,13,12.93,10.03,12.77
06/07/2016,12.35,12.9,13.42,13.45,13.46,13.25,12.81,13.2,13.37,13.31,11.48,13.29
07/07/2016,13.94,14.92,15.78,15.85,15.86,15.55,14.89,15.49,15.76,15.68,12.87,15.59
08/07/2016,14.33,15.26,16.14,16.26,16.26,15.96,15.43,16.09,16.31,16.17,13.49,16.16
09/07/2016,16.94,17.63,18.26,18.31,18.28,18.01,17.64,18.1,18.25,18.13,16.12,18.16
10/07/2016,14.29,15.11,15.89,15.97,15.93,15.62,15.25,15.84,15.99,15.82,13.37,15.9
11/07/2016,14.16,15.09,15.97,16.1,16.05,15.68,15.38,16.04,16.16,15.9,13.5,16.06
12/07/2016,11.27,12.33,13.31,13.48,13.55,13.28,12.45,13.19,13.51,13.43,10.36,13.26
13/07/2016,11.15,12.18,13.14,13.32,13.32,12.93,12.5,13.24,13.4,13.15,10.57,13.27
14/07/2016,12.08,12.84,13.6,13.75,13.8,13.56,13.07,13.69,13.87,13.74,11.45,13.75
15/07/2016,15.54,16.55,17.49,17.73,17.7,17.33,17.14,17.89,17.94,17.62,15.47,17.88
16/07/2016,13.7,14.7,15.61,15.69,15.63,15.25,14.84,15.49,15.67,15.47,12.76,15.56
17/07/2016,15.33,16.09,16.77,16.82,16.81,16.55,16.13,16.59,16.76,16.66,14.6,16.68
18/07/2016,18.56,19.26,19.96,20.06,20.08,19.83,19.37,19.94,20.13,20.01,17.73,20.02
19/07/2016,17.1,17.85,18.51,18.67,18.92,18.93,17.68,18.15,18.61,18.85,16.44,18.29
20/07/2016,17.28,17.78,18.28,18.38,18.39,18.21,17.93,18.34,18.45,18.35,16.8,18.41
21/07/2016,16.65,17.4,18.1,18.15,18.07,17.71,17.56,18.08,18.16,17.92,15.87,18.15
22/07/2016,14.17,14.91,15.62,15.71,15.74,15.49,14.94,15.49,15.71,15.63,13.29,15.59
23/07/2016,14.9,15.67,16.37,16.38,16.35,16.04,15.62,16.09,16.26,16.15,13.9,16.18
24/07/2016,12.75,13.72,14.66,14.92,14.98,14.73,14.18,14.94,15.14,14.97,12.47,14.96
25/07/2016,12.3,13.29,14.21,14.36,14.39,14.11,13.46,14.15,14.39,14.27,11.51,14.19
26/07/2016,12.13,13.16,14.14,14.36,14.41,14.1,13.57,14.33,14.54,14.35,11.74,14.4
27/07/2016,13.26,14.19,15.07,15.18,15.14,14.78,14.43,15.09,15.24,15.02,12.5,15.14
28/07/2016,13.84,14.81,15.71,15.89,15.9,15.58,15.14,15.83,16.01,15.8,13.37,15.9
29/07/2016,12.14,13.34,14.46,14.71,14.76,14.46,13.73,14.59,14.87,14.72,11.57,14.63
30/07/2016,12.01,12.93,13.74,13.81,13.87,13.62,12.79,13.35,13.65,13.65,10.89,13.44
31/07/2016,11.05,12.31,13.5,13.84,13.84,13.37,13.08,14.03,14.14,13.71,11.05,14
01/08/2016,13.45,14.18,14.85,14.93,14.97,14.79,14.2,14.74,14.96,14.99,12.61,14.84
02/08/2016,16.13,16.71,17.24,17.24,17.16,16.9,16.77,17.18,17.25,17.16,15.41,17.28
03/08/2016,13.92,14.81,15.62,15.67,15.66,15.41,14.82,15.43,15.67,15.67,12.84,15.54
04/08/2016,14.26,15.22,16.11,16.23,16.22,15.95,15.39,16.09,16.3,16.23,13.42,16.15
05/08/2016,13.32,14.07,14.78,14.85,14.8,14.51,14.26,14.82,14.93,14.81,12.69,14.93
06/08/2016,15.47,16.15,16.78,16.86,16.8,16.52,16.42,16.92,16.97,16.82,15.07,17.01
07/08/2016,13.33,14.46,15.49,15.59,15.56,15.24,14.68,15.43,15.66,15.58,12.43,15.53
08/08/2016,12.08,13.23,14.28,14.41,14.39,14.06,13.49,14.28,14.5,14.39,11.24,14.35
09/08/2016,11.09,12.12,13.09,13.3,13.29,12.94,12.62,13.42,13.53,13.31,10.79,13.47
10/08/2016,12.75,13.22,13.69,13.72,13.66,13.44,13.38,13.78,13.8,13.7,12.25,13.87
11/08/2016,14.31,15.11,15.92,16.05,15.91,15.54,15.69,16.37,16.31,15.99,14,16.39
12/08/2016,15.07,15.94,16.72,16.78,16.69,16.34,16.19,16.78,16.85,16.68,14.45,16.86
13/08/2016,13.22,14.12,15,15.14,15.07,14.75,14.53,15.27,15.37,15.17,12.59,15.33
14/08/2016,13.66,14.33,14.94,14.96,14.98,14.81,14.26,14.73,14.95,15.01,12.73,14.88
15/08/2016,17.44,17.94,18.42,18.41,18.28,17.92,17.99,18.38,18.36,18.12,16.75,18.43
16/08/2016,15.83,16.37,16.89,17,17.11,17,16.33,16.8,17.04,17.11,15.18,16.88
17/08/2016,15,15.59,16.17,16.32,16.41,16.28,15.73,16.24,16.43,16.45,14.61,16.3
18/08/2016,15.22,15.71,16.18,16.22,16.3,16.22,15.51,15.9,16.17,16.31,14.29,15.99
19/08/2016,14.97,15.86,16.67,16.8,16.76,16.42,16.14,16.78,16.88,16.7,14.52,16.84
20/08/2016,14.49,15.43,16.31,16.42,16.36,16.02,15.65,16.34,16.48,16.32,13.68,16.36
21/08/2016,14.82,15.54,16.22,16.27,16.24,16.02,15.6,16.14,16.3,16.27,13.92,16.22
22/08/2016,15.74,16.56,17.33,17.42,17.37,17.09,16.76,17.38,17.51,17.4,15,17.45
23/08/2016,14.26,14.82,15.34,15.38,15.4,15.24,14.8,15.23,15.42,15.46,13.53,15.38
24/08/2016,11.43,12.36,13.18,13.3,13.37,13.23,12.43,13.04,13.33,13.44,10.73,13.16
25/08/2016,14.21,14.77,15.25,15.2,15.23,15.11,14.41,14.75,15.01,15.17,12.94,14.87
26/08/2016,13.62,14.46,15.24,15.3,15.21,14.88,14.67,15.28,15.36,15.2,12.85,15.35
27/08/2016,13.54,14.33,15.06,15.19,15.2,14.95,14.52,15.08,15.23,15.15,13.11,15.15
28/08/2016,14.03,14.97,15.84,16.02,16.1,15.89,15.17,15.88,16.16,16.16,13.44,15.99
29/08/2016,10.86,11.5,12.07,12.15,12.26,12.21,11.41,11.84,12.13,12.32,10.16,11.98
30/08/2016,15.24,16.11,16.92,16.98,16.98,16.74,16.17,16.78,17.01,17,14.25,16.88
31/08/2016,13.27,14.23,15.11,15.26,15.26,14.98,14.49,15.18,15.38,15.29,12.67,15.26
01/09/2016,10.78,11.47,12.13,12.19,12.32,12.23,11.24,11.7,12.05,12.22,9.72,11.83
02/09/2016,13.55,14.56,15.56,15.75,15.75,15.44,14.9,15.68,15.88,15.72,12.95,15.76
03/09/2016,12.84,13.68,14.52,14.7,14.76,14.51,13.86,14.53,14.78,14.69,12.24,14.62
04/09/2016,13.92,14.78,15.69,15.93,15.93,15.65,15.32,16.08,16.19,15.97,13.69,16.1
05/09/2016,16.82,17.27,17.76,17.76,17.74,17.55,17.2,17.59,17.73,17.71,15.83,17.7
06/09/2016,17.93,18.74,19.56,19.69,19.63,19.31,19.06,19.69,19.78,19.57,17.38,19.72
07/09/2016,17.45,18.11,18.77,18.88,18.93,18.75,18.13,18.64,18.87,18.86,16.75,18.74
08/09/2016,14.29,14.87,15.51,15.61,15.6,15.38,15.01,15.54,15.68,15.57,13.56,15.6
09/09/2016,13.34,14.05,14.77,14.86,14.88,14.63,14.14,14.69,14.87,14.78,12.61,14.77
10/09/2016,10.61,11.59,12.54,12.74,12.83,12.59,11.8,12.54,12.81,12.77,9.97,12.61
11/09/2016,12.45,13.31,14.14,14.33,14.37,14.13,13.55,14.19,14.38,14.28,12.06,14.25
12/09/2016,13.17,14.33,15.47,15.79,15.88,15.67,14.89,15.78,16.05,15.95,12.98,15.84
13/09/2016,12.32,13.05,13.78,13.96,14.05,13.92,13.21,13.75,14,14.02,11.97,13.82
14/09/2016,12.6,12.97,13.44,13.72,13.98,14.13,13.25,13.74,14.06,14.29,12.66,13.88
15/09/2016,14.21,14.82,15.5,15.8,15.9,15.78,15.33,15.98,16.12,16.02,14.38,16.02
16/09/2016,10.86,11.81,12.75,12.93,13.01,12.76,11.95,12.69,13,12.95,10.04,12.77
17/09/2016,11.75,12.32,12.92,13.05,13.16,13.04,12.3,12.8,13.06,13.11,11.07,12.88
18/09/2016,13.57,13.93,14.35,14.38,14.3,14.03,14.03,14.39,14.37,14.18,12.97,14.43
19/09/2016,10.31,11.03,11.78,11.94,12.04,11.87,11.11,11.74,12.02,12.02,9.58,11.84
20/09/2016,10.85,11.68,12.53,12.69,12.67,12.34,11.99,12.68,12.8,12.58,10.24,12.72
21/09/2016,10.43,11.07,11.74,11.82,11.84,11.63,11.14,11.65,11.81,11.76,9.66,11.7
22/09/2016,7.43,8.25,9.02,9.11,9.22,9.06,8.09,8.65,8.99,9.08,6.4,8.75
23/09/2016,10.18,10.92,11.65,11.83,11.9,11.68,11.1,11.69,11.89,11.82,9.82,11.76
24/09/2016,10.77,11.71,12.63,12.82,12.93,12.78,11.83,12.54,12.88,12.94,9.99,12.65
25/09/2016,9.19,10.27,11.3,11.47,11.53,11.27,10.41,11.18,11.51,11.47,8.31,11.28
26/09/2016,9.64,10.33,10.99,11.13,11.25,11.13,10.29,10.8,11.09,11.17,8.98,10.89
27/09/2016,11.9,12.64,13.39,13.57,13.59,13.35,12.92,13.54,13.69,13.56,11.5,13.59
28/09/2016,14.61,15.27,15.93,15.99,16.01,15.82,15.24,15.74,15.95,15.95,13.68,15.84
29/09/2016,10.58,11.62,12.66,12.85,12.8,12.41,12.06,12.88,13.02,12.77,9.99,12.93
30/09/2016,8.17,9.15,10.1,10.31,10.37,10.12,9.39,10.14,10.4,10.31,7.57,10.2
01/10/2016,7.93,8.85,9.66,9.9,9.97,9.8,9.3,9.98,10.13,10.05,7.97,10.02
02/10/2016,7.02,7.59,8.07,8.14,8.2,8.11,7.7,8.09,8.21,8.25,6.7,8.17
03/10/2016,10.04,10.43,10.8,10.85,10.95,10.94,10.33,10.69,10.91,11.06,9.31,10.8
04/10/2016,12.3,12.93,13.46,13.46,13.45,13.28,12.84,13.24,13.4,13.41,11.48,13.32
05/10/2016,9.61,10.43,11.07,11.06,11.28,11.33,9.84,10.26,10.82,11.27,8.09,10.45
06/10/2016,9.2,9.81,10.27,10.21,10.33,10.32,9.35,9.65,10.01,10.31,7.94,9.81
07/10/2016,8.38,9.3,9.98,9.96,10.09,10,8.87,9.25,9.66,9.93,7.28,9.41
08/10/2016,11.36,12.25,12.94,12.95,12.99,12.82,12.08,12.54,12.81,12.91,10.43,12.67
09/10/2016,10.96,11.74,12.38,12.42,12.39,12.12,11.86,12.33,12.41,12.3,10.52,12.4
10/10/2016,9.71,10.25,10.67,10.62,10.57,10.36,10.1,10.4,10.47,10.42,8.93,10.44
11/10/2016,7.24,7.98,8.51,8.5,8.58,8.49,7.69,8,8.28,8.45,6.46,8.11
12/10/2016,10.65,11.26,11.73,11.61,11.64,11.52,10.79,11.09,11.37,11.55,9.25,11.27
13/10/2016,7.45,8.47,9.26,9.31,9.45,9.35,8.21,8.7,9.1,9.34,6.5,8.83
14/10/2016,6.29,7.31,8.13,8.2,8.27,8.11,7.19,7.75,8.07,8.18,5.37,7.84
15/10/2016,7.28,8.33,9.21,9.37,9.38,9.13,8.59,9.24,9.42,9.33,6.99,9.27
16/10/2016,6.99,7.77,8.33,8.29,8.46,8.49,7.19,7.51,7.99,8.4,5.7,7.68
17/10/2016,10,10.87,11.64,11.7,11.67,11.39,11.02,11.63,11.78,11.66,9.26,11.71
18/10/2016,6.93,7.88,8.72,8.83,8.8,8.5,8.16,8.82,8.96,8.8,6.46,8.9
19/10/2016,7.65,8.61,9.43,9.53,9.54,9.31,8.8,9.42,9.62,9.57,7.07,9.54
20/10/2016,8.33,9.06,9.62,9.61,9.6,9.38,8.92,9.29,9.46,9.45,7.63,9.4
21/10/2016,5.74,6.39,6.91,6.97,7.09,7.02,6.21,6.6,6.88,7.03,5.05,6.7
22/10/2016,8.32,8.89,9.27,9.1,9.1,8.98,8.35,8.5,8.73,8.92,7.03,8.65
23/10/2016,6.28,6.93,7.41,7.36,7.42,7.33,6.64,6.95,7.19,7.36,5.33,7.08
24/10/2016,6.6,7.16,7.58,7.48,7.52,7.41,6.7,6.95,7.23,7.42,5.39,7.11
25/10/2016,4.66,5.22,5.73,5.93,6.03,5.98,5.57,6.04,6.15,6.15,4.85,6.08
26/10/2016,7.56,8.24,8.84,9,9.04,8.92,8.64,9.13,9.2,9.14,7.7,9.18
27/10/2016,10.66,11.43,12.06,12.13,12.16,11.98,11.46,11.93,12.13,12.12,10.14,12.04
28/10/2016,10.05,10.83,11.53,11.68,11.69,11.48,11.24,11.82,11.91,11.79,10.01,11.9
29/10/2016,9.92,10.45,10.93,11.03,10.99,10.81,10.79,11.23,11.22,11.09,9.88,11.3
30/10/2016,10.47,11.04,11.52,11.66,11.7,11.58,11.19,11.6,11.72,11.69,10.37,11.6
31/10/2016,8.9,9.19,9.37,9.31,9.43,9.47,8.69,8.8,9.08,9.35,8.03,8.95
01/11/2016,7.46,8.08,8.46,8.36,8.3,8.09,8.01,8.37,8.45,8.35,6.66,8.47
02/11/2016,6.28,6.98,7.37,7.23,7.19,7,6.75,7.08,7.2,7.17,5.3,7.18
03/11/2016,7.88,8.39,8.67,8.58,8.44,8.16,8.51,8.82,8.72,8.46,7.46,8.85
04/11/2016,5.64,6.3,6.68,6.57,6.54,6.37,6.12,6.47,6.61,6.58,4.75,6.59
05/11/2016,5.16,5.92,6.39,6.26,6.2,5.95,5.76,6.17,6.29,6.2,4.11,6.28
06/11/2016,3.99,4.95,5.6,5.55,5.51,5.24,4.98,5.52,5.65,5.51,3.17,5.6
07/11/2016,4.42,5.24,5.78,5.71,5.57,5.21,5.39,5.86,5.84,5.55,3.85,5.92
08/11/2016,3.54,4.1,4.39,4.27,4.27,4.16,3.82,4.09,4.25,4.31,2.59,4.18
09/11/2016,5.45,6.03,6.35,6.18,6.15,5.99,5.73,6.03,6.18,6.19,4.32,6.15
10/11/2016,6.8,7.52,8,7.93,7.82,7.54,7.62,8.07,8.09,7.88,6.17,8.14
11/11/2016,5.64,5.76,5.62,5.36,5.41,5.46,5.03,4.95,5.14,5.39,4.43,5.08
12/11/2016,6.27,6.69,6.91,6.83,6.8,6.67,6.67,6.94,6.95,6.87,5.74,6.95
13/11/2016,8.57,8.96,9.15,9.09,9.01,8.84,9.07,9.33,9.26,9.1,8.32,9.36
14/11/2016,11.82,11.98,11.91,11.66,11.59,11.49,11.48,11.49,11.54,11.57,10.72,11.57
15/11/2016,8.06,8.81,9.21,8.99,9.06,8.99,8.02,8.29,8.71,8.98,6.26,8.47
16/11/2016,6.05,6.91,7.48,7.4,7.41,7.23,6.73,7.22,7.46,7.47,4.95,7.36
17/11/2016,3.32,4.22,4.83,4.79,4.75,4.49,4.28,4.81,4.95,4.82,2.58,4.92
18/11/2016,1.61,2.38,2.89,2.83,2.8,2.61,2.4,2.87,3,2.91,0.85,2.97
19/11/2016,2.07,2.68,3.03,2.9,2.87,2.69,2.46,2.78,2.91,2.88,1.11,2.87
20/11/2016,0.83,1.3,1.48,1.29,1.29,1.16,0.81,0.99,1.16,1.21,-0.26,1.1
21/11/2016,1.17,1.32,1.25,0.92,0.84,0.75,0.7,0.68,0.73,0.82,-0.26,0.82
22/11/2016,3.21,3.55,3.71,3.49,3.35,3.15,3.38,3.57,3.53,3.43,2.17,3.67
23/11/2016,2.35,2.67,2.78,2.6,2.52,2.39,2.45,2.63,2.65,2.61,1.45,2.72
24/11/2016,1.61,1.68,1.59,1.47,1.36,1.23,1.67,1.73,1.62,1.46,1.41,1.78
25/11/2016,0.08,-0.12,-0.43,-0.59,-0.66,-0.63,-0.24,-0.31,-0.43,-0.45,-0.22,-0.26
26/11/2016,2.69,2.45,2.11,1.92,1.86,1.91,2.21,2.1,2,2.03,2.17,2.12
27/11/2016,5.96,6.1,6.07,5.78,5.63,5.47,5.78,5.83,5.75,5.68,4.81,5.91
28/11/2016,5.66,5.92,5.95,5.65,5.57,5.45,5.34,5.38,5.46,5.53,4.26,5.51
29/11/2016,5.64,5.88,5.95,5.77,5.66,5.49,5.73,5.89,5.81,5.7,4.81,5.92
30/11/2016,3.32,3.54,3.48,3.16,3.28,3.47,2.46,2.42,2.78,3.27,1.39,2.55
01/12/2016,-0.34,-0.12,-0.08,-0.19,0.11,0.47,-0.87,-0.69,-0.18,0.4,-2.06,-0.54
02/12/2016,0.28,0.51,0.49,0.33,0.51,0.74,-0.09,-0.04,0.27,0.68,-0.93,0.09
03/12/2016,1.36,1.71,1.79,1.59,1.73,1.85,1.11,1.2,1.5,1.84,0.01,1.36
04/12/2016,2.37,2.47,2.21,1.81,1.95,2.12,1.19,0.92,1.29,1.81,0.45,1.11
05/12/2016,5.57,5.19,4.55,4.21,4.28,4.49,4.2,3.72,3.84,4.21,4.5,3.82
06/12/2016,7.69,7.73,7.5,7.27,7.38,7.49,7.01,6.86,7.05,7.33,6.67,6.97
07/12/2016,11.8,12.09,12.16,12.06,12.04,11.93,11.87,12.05,12.09,12.03,11.07,12.07
08/12/2016,10.42,10.96,11.25,11.21,11.19,10.99,10.87,11.24,11.32,11.18,9.68,11.27
09/12/2016,10.16,10.72,10.98,10.91,10.85,10.61,10.6,10.89,10.92,10.73,9.52,10.9
10/12/2016,8.02,8.76,9.19,9.12,9.08,8.82,8.57,8.98,9.12,8.99,7,9.04
11/12/2016,6.43,7.05,7.37,7.3,7.33,7.18,6.76,7.09,7.28,7.26,5.47,7.14
12/12/2016,6.58,6.8,6.79,6.64,6.65,6.58,6.31,6.4,6.53,6.57,5.49,6.44
13/12/2016,9.02,9.38,9.49,9.36,9.36,9.23,9.01,9.2,9.31,9.29,8.06,9.24
14/12/2016,7.37,8,8.36,8.32,8.35,8.22,7.85,8.24,8.42,8.38,6.51,8.3
15/12/2016,3.2,4.12,4.72,4.85,5.04,4.98,4.07,4.65,5,5.07,2.66,4.68
16/12/2016,5.47,6.12,6.49,6.51,6.61,6.5,5.98,6.39,6.6,6.59,4.8,6.44
17/12/2016,2.36,2.65,2.69,2.68,2.81,2.86,2.33,2.51,2.71,2.83,1.78,2.53
18/12/2016,4.41,4.57,4.52,4.37,4.39,4.33,4.16,4.25,4.33,4.35,3.44,4.29
19/12/2016,4.78,5.21,5.36,5.29,5.41,5.41,4.78,5,5.26,5.39,3.88,5.07
20/12/2016,1.22,1.84,2.16,2.13,2.25,2.19,1.51,1.84,2.12,2.21,0.36,1.92
21/12/2016,1.6,2.46,3.01,3.03,3.11,2.95,2.35,2.88,3.15,3.12,0.75,2.96
22/12/2016,4.42,5.24,5.79,5.81,5.8,5.55,5.34,5.88,6,5.81,3.77,5.92
23/12/2016,5.89,6.61,7.05,7,7.01,6.82,6.45,6.88,7.07,7.01,4.94,6.96
24/12/2016,6.74,7.55,8.04,7.95,7.97,7.76,7.25,7.68,7.92,7.89,5.53,7.78
25/12/2016,7.96,8.75,9.21,9.08,9.1,8.9,8.34,8.73,9,9.01,6.59,8.86
26/12/2016,3.44,4.32,4.9,4.86,4.84,4.55,4.24,4.77,4.95,4.79,2.41,4.86
27/12/2016,3.27,3.7,3.84,3.67,3.7,3.61,3.12,3.3,3.51,3.6,1.95,3.39
28/12/2016,3.05,3.48,3.62,3.55,3.72,3.77,2.92,3.11,3.43,3.65,2,3.15
29/12/2016,6.82,7,6.93,6.71,6.73,6.68,6.3,6.31,6.47,6.57,5.48,6.35
30/12/2016,7.95,8.43,8.67,8.64,8.63,8.46,8.37,8.69,8.76,8.62,7.34,8.7
31/12/2016,9.27,9.93,10.29,10.24,10.3,10.15,9.63,9.99,10.21,10.19,8.33,10.04